old_wp_comment_id,old_wp_post_id,old_wp_user_id,parent_old_wp_comment_id,author_name,content,created_at,updated_at
7,29,50,,Burka Senbeta,Mine is praying 🙏,2025-11-14 05:14:03,2025-11-14 15:06:51
8,29,38,7,Clara Baldwin,@burkat absolutely.,2025-11-14 15:06:59,2025-11-14 17:09:31
9,37,44,,Justine Tolentino,"Honestly, same! Back home, OTW could mean anything from 5 minutes to 45 lol. Here, if you show up at 12:01 for a 12:00 meetup, people already look at you like something happened.",2025-11-14 23:18:39,2025-11-14 23:18:39
10,37,65,,Atakan Özden,"The fact that changing countries within Europe is so easy really surprised me the first time I went there. Since Turkey is large in terms of land area and not a member of the European Union, leaving the country is a more challenging process.",2025-11-15 11:35:52,2025-11-15 11:35:52
11,32,65,,Atakan Özden,"Accessing döner in Europe is really easy, but local dishes such as mantı, lahmacun, and kokoreç are difficult to find abroad, and I’m willing to pay a high price just to be able to find kokoreç :D",2025-11-15 11:37:12,2025-11-15 11:37:12
12,35,65,,Atakan Özden,"Hi Melissa, I am Atakan from Turkey and will be migrating germany in 6-7 months. Let's connect!",2025-11-15 11:38:05,2025-11-27 19:34:48
13,29,66,,Shannen Vergara,Mine is drinking a glass of water before anything else.,2025-11-17 15:40:35,2025-11-17 15:40:35
14,38,66,,Shannen Vergara,Mine would be the opposite lol!!!! I miss the quiet nights back in my country.,2025-11-17 15:42:13,2025-11-25 01:13:55
15,37,66,,Shannen Vergara,"The mandatory tip! Lol, not to be a frugal, but it doesn't work that way back in my home.",2025-11-17 15:44:34,2025-11-17 15:44:34
16,32,66,,Shannen Vergara,"Pork Sinigang!!!! I can cook it here, but the ingredients are different, so I'm afraid it will not taste the same.",2025-11-17 15:48:11,2025-11-17 15:48:11
17,41,67,,Julien Kim,The Alchemy of Soul is top-notch if you're into fantasy!,2025-11-17 15:55:04,2025-11-23 13:18:40
18,37,67,,Julien Kim,"The food, not to be a hater, but food here tastes bland. Just kidding, I just prefer them spicy, so it just tastes bland for me haha.",2025-11-17 15:57:16,2025-11-23 13:18:31
19,32,67,,Julien Kim,I've been craving for Tteokbokki!!,2025-11-17 15:58:39,2025-11-21 00:33:25
20,42,44,,Justine Tolentino,"Visit the beaches in the Philippines, when I say it's GOOD. It is!!",2025-11-18 18:25:28,2025-11-23 13:06:56
21,44,66,,Shannen Vergara,"It's not just about having the privilege to travel to another country, it's also about how hard and stressful it is to process papers.",2025-11-18 18:45:37,2025-11-23 13:02:25
22,32,66,19,Shannen Vergara,"@juls123 hey, I love korean foods and tteokbokki is one of them, especially if dipped with a lot of cheese haha",2025-11-18 18:49:54,2025-11-27 03:05:41
23,42,67,20,Julien Kim,@justinelei can you recommend a top spot?,2025-11-18 18:50:32,2025-11-21 01:14:22
24,44,67,,Julien Kim,"the language barrier, not all koreans are fluent in english so it's hard, and our accent is kinda off for some.",2025-11-18 18:51:40,2025-11-23 13:02:24
25,29,72,,Arjol Thanaj,Sleeping another 5 minutes as soon as i wake up 🙂. Music and positive thoughts,2025-11-20 16:36:42,2025-11-20 16:36:42
26,42,75,,Ricardo Bermudez,"We have a lot of good beaches in Panama, and if you are visiting the main city i would say go to Casco Viejo in which there are a lot of excellent food places for tourists. Panama has all types of foods due to its location so you can find everything.",2025-11-21 00:39:32,2025-11-23 13:02:52
27,47,44,,Justine Tolentino,That sounds awesome! Welcome to the community. :),2025-11-21 01:12:36,2025-11-21 01:12:36
28,46,44,,Justine Tolentino,Same!! There's only one place I can call home. :),2025-11-21 01:13:28,2025-11-23 13:00:47
29,42,44,20,Justine Tolentino,@juls123 Boracay is top tier!,2025-11-21 01:14:31,2025-11-23 13:06:58
30,49,67,,Julien Kim,It's funny but I go to a bar lol,2025-11-21 01:16:49,2025-11-25 01:11:58
31,48,67,,Julien Kim,Bar hopping ;),2025-11-21 01:17:21,2025-11-25 20:39:33
32,42,67,26,Julien Kim,@xenotaff thank you! Is Panama part of America?,2025-11-21 01:18:09,2025-11-21 01:18:09
33,42,75,26,Ricardo Bermudez,@juls123 it is. Actually is the center of America,2025-11-21 03:52:02,2025-11-23 13:07:01
34,49,72,,Arjol Thanaj,"I go to play tennis, football or something else. Sport is the best therapy",2025-11-21 09:43:05,2025-11-25 01:11:59
35,51,68,,IMKH For immigrants,"Blended experience, good exposure. Love it",2025-11-22 03:52:33,2025-11-22 03:52:33
36,46,68,,IMKH For immigrants,Anywhere I live is home away from home.,2025-11-22 04:04:33,2025-11-23 13:00:46
37,51,59,,Marysol Cancio-Lucio,🙂,2025-11-22 04:29:57,2025-11-23 13:39:40
38,29,86,,Anderson Mathini,Being grateful for life. Life is so precious,2025-11-23 12:51:25,2025-11-23 12:51:25
39,28,86,,Anderson Mathini,"whenever i got a meal in abudance, either breakfast, lunch i had to eat a lot since i knew i could miss the next meal. eating everyday isn't guaranteed",2025-11-23 12:55:19,2025-11-23 12:55:31
40,46,86,,Anderson Mathini,"The country i was born, the country i immigrated to (Kenya) is easy to blend in since i meet people from my country still and its hard to tell i am an Immigrant. Tanzania is way behind in terms of trends, culture, lifestyle. i simply love Kenya",2025-11-23 13:00:30,2025-11-23 13:00:45
41,44,86,,Anderson Mathini,They need to be treated kindly and they are having a hard time to transition to the new place,2025-11-23 13:02:27,2025-11-25 01:12:56
42,42,86,,Anderson Mathini,"maybe he will be meeting people of different culture living a different kind of life, i would simply tell him to respect peoples culture and ways of life and also try to adapt/blend in to the new place . i had a cousin who got deported from Dubai due to breaking the law",2025-11-23 13:07:11,2025-11-25 20:45:16
43,38,86,,Anderson Mathini,"here i moved to there is a tribe in Kenya called Luhya/Luo where there a lot of nightrunners at night. you see, these people are only in Kenya where they usually; 1. Run naked or half-naked at night 2. Throw stones on rooftops 3. Knock on doors/windows 4. Make strange noises 5. Hide in bushes and run away quickly",2025-11-23 13:18:02,2025-11-25 01:14:01
44,32,86,,Anderson Mathini,Chapati+minji+pilau+njahi 🥰. Another combo is Ugali+sukumawiki+beef 🔥,2025-11-23 13:22:11,2025-11-23 13:22:20
45,52,68,,IMKH For immigrants,I am glad. You are wiser.,2025-11-23 20:08:21,2025-11-23 20:08:21
46,45,73,,Gisselle Durón,The garbage sorting!!! I still think a lot about where I should throw some things away hehe 😆,2025-11-24 19:35:19,2025-11-25 20:39:14
47,54,68,,IMKH For immigrants,This is very encouraging. More blessings,2025-11-24 20:50:53,2025-11-25 19:54:07
48,55,68,,IMKH For immigrants,Congratulations. We are so happy for you.,2025-11-24 21:52:05,2025-11-24 22:20:00
49,55,88,,Obiamaka Okereke,Thank you so much,2025-11-24 22:20:29,2025-11-25 06:15:12
50,55,44,,Justine Tolentino,Congratulations! :),2025-11-25 01:11:09,2025-11-25 06:15:27
51,49,44,34,Justine Tolentino,@arjol I can say that that's one of the best. I'm indulging myself in it too! :),2025-11-25 01:12:29,2025-11-26 00:41:17
52,38,44,43,Justine Tolentino,"@anderson That's interesting, this is the first time I heard this",2025-11-25 01:14:26,2025-11-25 01:14:26
53,55,35,,Ola Obatusin,Congratulations! God is good 👍.,2025-11-25 03:28:00,2025-11-25 06:15:29
54,54,35,,Ola Obatusin,"I'm happy that you and your family are settling into your new country. I can assure you, it will only get better. Just take one day at a time. I wish you both, the very best.",2025-11-25 03:31:41,2025-11-27 19:34:53
55,55,88,,Obiamaka Okereke,Thank you ❤️💃🏽,2025-11-25 13:34:28,2025-11-25 13:34:28
56,49,66,,Shannen Vergara,I just play video games whenever I feel lonely,2025-11-25 20:38:55,2025-11-25 20:38:55
57,57,67,,Julien Kim,Probably when someone heard my Korean accent and got excited to practice the little Korean they knew.. like ‘annyeong!’ It was goofy but really sweet.,2025-11-25 20:43:58,2025-12-01 15:30:54
58,56,67,,Julien Kim,"For me it was American slang.. everything sounded so fast, and half the phrases made zero sense at first. Even now, when locals speak super quickly or mumble, I’m like… wait, run that back?",2025-11-25 20:44:55,2025-11-25 20:44:55
59,49,72,34,Arjol Thanaj,@justinelei I strongly suggest it to You. Lifesaver thing 🙂,2025-11-26 00:42:27,2025-11-26 00:42:27
60,57,73,57,Gisselle Durón,"@juls123 Something similar happened to me in Italy, only as a tourist. Funny!",2025-11-26 21:47:17,2025-11-27 02:59:27
61,57,67,57,Julien Kim,@orygisselle really? can you share what happened? :D,2025-11-27 03:01:39,2025-11-27 03:01:39
62,32,67,19,Julien Kim,@shannenigans that sounds heaven!!,2025-11-27 03:05:57,2025-11-27 03:05:57
63,22,35,,Ola Obatusin,"Yes, we celebrate thanksgiving here in America. But, everyday is thanksgivings in my home. My favorite holiday is Christmas 🎄.",2025-11-27 18:22:10,2025-11-27 18:22:10
64,66,68,,IMKH For immigrants,<https://youtube.com/shorts/q9bduUD1ciY?si=Rio5yCcWoaWamDhD>,2025-11-27 20:11:16,2025-11-27 20:11:16
65,54,38,,Clara Baldwin,It's all a process!,2025-11-30 22:34:24,2025-12-03 19:21:31
66,52,38,,Clara Baldwin,"Thanks for sharing and welcome, Anderson",2025-11-30 22:34:35,2025-12-08 00:48:59
67,51,38,37,Clara Baldwin,"@marysol45 Love that, Marysol!",2025-11-30 22:34:48,2025-11-30 22:34:48
68,33,38,,Clara Baldwin,"Nice to meet you, Rodrigo - what do you think of Miami?",2025-11-30 22:35:02,2025-11-30 22:35:02
69,42,35,,Ola Obatusin,"If you go to my country Nigeria. I will encourage you to try different kinds of stews, cuisines, vegetables soups and our indigenous suya. You will not regret your experience 👍.",2025-12-01 01:17:46,2025-12-01 01:17:46
70,222,35,,Ola Obatusin,All of the above🙂🙂..,2025-12-01 07:22:25,2025-12-01 07:22:25
71,223,44,,Justine Tolentino,"Probably grocery shopping. I thought I knew what I wanted, then suddenly everything had different brands, sizes, and prices. I’d be in one aisle way too long just trying to pick a soy sauce. LOL",2025-12-01 15:21:53,2025-12-01 15:21:53
72,220,44,,Justine Tolentino,"For me, it’s how quiet people are. Back home, everything feels louder and more alive. Here it sometimes feels too calm.. and I catch myself missing all the noise and chatter in the background.",2025-12-01 15:23:45,2025-12-08 03:30:59
73,58,44,,Justine Tolentino,"Well, it’s making hot coffee first thing in the morning for me, even when it’s already warm outside. It just feels like home, and my day feels off if I skip it.",2025-12-01 15:26:59,2025-12-01 15:26:59
74,58,66,,Shannen Vergara,"I can relate to this so much. One habit I never dropped is taking my shoes off the moment I step inside any home. It’s automatic at this point, even if everyone else keeps theirs on.",2025-12-01 15:30:48,2025-12-01 15:30:48
75,56,66,,Shannen Vergara,"Same here! The local accents took me a while to adjust to, especially when people speak super fast. I can follow conversations, but once the accent gets thick, I’m completely lost for a moment.",2025-12-01 15:31:33,2025-12-01 15:31:33
76,57,44,,Justine Tolentino,"Uhmmm.. when a neighbor I barely knew showed up with homemade food because she heard I was new in the area. It was such a small thing, but it made me feel seen and a little less alone.",2025-12-01 15:32:05,2025-12-01 15:32:05
77,169,44,,Justine Tolentino,"I love this! Thanks, Babatunde. :)",2025-12-01 15:33:41,2025-12-22 22:21:47
78,168,66,,Shannen Vergara,"So true. It’s easy to forget our own mental wellness when life gets busy, but you really can’t pour from an empty cup. Taking care of yourself is necessary.",2025-12-01 15:35:38,2025-12-01 17:10:19
79,227,66,,Shannen Vergara,"For me, I thought making new friends would be the hardest part, but it ended up being easier than I expected. People are friendlier than I imagined once you take the first step.",2025-12-01 15:36:38,2025-12-02 18:44:53
80,54,66,,Shannen Vergara,"So happy to read this! I can relate—every beginning is challenging, but things do fall into place with time. Wishing you and your husband all the best in this new chapter!",2025-12-01 15:37:47,2025-12-03 19:22:06
81,228,72,,Arjol Thanaj,"In Albania it is called ""tave kosi"" - -love it",2025-12-02 11:41:50,2025-12-02 11:41:50
82,232,67,,Julien Kim,"Idk if this is a tradition or something but I still make Korean comfort food when I’m stressed. Kimchi stew, ramyeon, anything spicy. It always feels like a little piece of home.",2025-12-02 19:10:19,2025-12-03 20:19:09
83,231,67,,Julien Kim,"For me, it was adjusting meal times. I used to eat pretty late in Korea, but here everyone eats earlier so now I’m having dinner when I’d usually just be thinking about it.",2025-12-02 19:11:16,2025-12-03 20:19:47
84,230,67,,Julien Kim,"Thanks for the warm welcome! Happy to be here. I’m excited to learn from everyone’s stories, share my own, and support each other along the way.",2025-12-02 19:11:46,2025-12-05 20:42:59
85,228,67,,Julien Kim,It’s kimchi jjigae for me! One whiff of it and it feels like I’m right back home in Korea.,2025-12-02 19:13:09,2025-12-02 19:13:09
86,230,68,,IMKH For immigrants,Glad to have you here. This is a platform to support every single immigrant regardless of race or color.,2025-12-02 19:17:56,2025-12-05 20:43:01
90,233,72,,Arjol Thanaj,the morning coffee in my garden with my dog next to me,2025-12-03 10:41:53,2025-12-05 21:33:45
91,233,73,,Gisselle Durón,"Music everywhere: on public transport, in restaurants, supermarkets, gyms... Austria is much quieter.",2025-12-03 19:21:16,2025-12-04 20:53:08
92,233,66,,Shannen Vergara,I never expected to miss the simple noise of familiar streets and late-night food spots.,2025-12-03 20:10:05,2025-12-05 09:23:57
93,232,66,,Shannen Vergara,I still keep the small routines around food and family time. It grounds me every time.,2025-12-03 20:10:25,2025-12-03 20:19:17
94,231,66,,Shannen Vergara,"I had to adjust my whole morning rhythm. Back home it felt slower, here it’s all timing.",2025-12-03 20:10:46,2025-12-03 20:19:58
96,233,44,,Justine Tolentino,i don't know if i'm being emotional rn but i miss hanging out with my friends :(,2025-12-03 20:19:00,2025-12-05 21:33:36
97,232,44,93,Justine Tolentino,"@shannenigans like what routine, if you don't mind me asking?",2025-12-03 20:19:39,2025-12-03 20:19:39
100,237,67,,Julien Kim,"Honestly, how friendly strangers are. People will just start chatting in line or say hi on the street, caught me off guard everytime!",2025-12-04 20:52:56,2025-12-08 12:37:52
101,233,67,90,Julien Kim,@arjol sounds sweet,2025-12-04 20:53:14,2025-12-04 20:53:14
102,227,67,,Julien Kim,"I thought making friends would be tough, but it actually happened pretty naturally, people were way more welcoming than I expected.",2025-12-04 20:54:14,2025-12-04 20:54:14
103,223,67,,Julien Kim,"Definitely grocery shopping too. New brands, different ingredients, and everything in a different spot.",2025-12-04 20:55:17,2025-12-04 20:55:17
104,167,67,,Julien Kim,Love this,2025-12-04 20:55:27,2025-12-05 02:15:10
105,236,67,,Julien Kim,spicy foods in everything lol,2025-12-04 20:56:56,2025-12-04 20:56:56
106,239,44,,Justine Tolentino,"I actually picked up the habit of small talk with strangers. Awkward at first, but now I kind of like it.",2025-12-04 20:58:33,2025-12-04 20:58:33
107,234,44,,Justine Tolentino,"I felt lost on my first day, but with time and determination, things slowly started making sense. My journey is still ongoing, but I can finally say I’m finding my place.",2025-12-04 20:59:25,2025-12-06 13:25:56
108,221,44,,Justine Tolentino,"For me, the biggest challenge was employers wanting ‘US experience’ even when I already had solid skills from back home.",2025-12-04 21:01:45,2025-12-05 20:45:15
109,212,44,,Justine Tolentino,Thank you for this!,2025-12-04 21:02:01,2025-12-05 02:13:53
110,234,120,,Nazirullah Sarwari,"My first day was confusing and difficult, but with persistence and time, things began to fall into place. My journey is ongoing, yet I can confidently say I’m finally finding where I belong.",2025-12-04 21:24:48,2025-12-06 13:27:10
111,51,120,,Nazirullah Sarwari,Having two cultures in your life sounds amazing. No wonder Social Anthropology fits you so well. New York’s museums are truly unforgettable!,2025-12-04 21:28:44,2025-12-08 00:48:54
112,230,120,,Nazirullah Sarwari,"Thanks for the warm welcome! Happy to be here. I’m excited to learn from everyone’s stories, share my own, and support each other along the way.",2025-12-04 21:34:37,2025-12-05 02:04:32
113,230,68,112,IMKH For immigrants,We are here to support you. Welcome once again.,2025-12-05 02:13:00,2025-12-05 02:13:00
114,230,125,,Amirreza Badran,Thank you for building this platform and creating this community!,2025-12-05 20:42:52,2026-01-19 16:43:36
115,54,123,,Moses Inedu,My friend was rejected a visa because he was single. He justed wanted to go write exam and return. It was very cruel,2025-12-05 22:19:44,2025-12-08 00:49:05
116,42,126,,franyi perez,"That they would visit the landscapes, the diversity that exists, and the old little towns — they are magical.”",2025-12-05 23:30:14,2025-12-05 23:30:14
117,250,129,,Kimuel Metuda,it's good feeling specially when you go to proper immigration process you don't think what will happen because you don't have any hustle/problem on authority,2025-12-06 00:12:03,2025-12-06 00:12:03
118,252,128,,Rocio Micaela Zapaja,hola! creo que empezar desde cero a los 30 esta dentro de los desafios mas grandes a nivel emocional! pero lo estoy logrando.,2025-12-06 00:25:43,2025-12-06 07:12:59
119,223,129,,Kimuel Metuda,transportation and paperwork for adults whom doesn't know how to get a public transportation bus and papers that needed to be filled. The rest can adopted immediately without a problem.,2025-12-06 00:26:25,2025-12-10 22:12:48
120,233,128,,Rocio Micaela Zapaja,creo que lo que mas se extraña es pasar las tardes con seres queridos que vivian cerca de mi casa.,2025-12-06 00:27:48,2025-12-06 00:27:48
121,236,128,,Rocio Micaela Zapaja,comer pasta!,2025-12-06 00:31:57,2025-12-06 00:31:57
122,48,128,,Rocio Micaela Zapaja,"leer los posteos de las personas que emigran, ver fotos y pertenecer a comunidades.",2025-12-06 00:33:33,2025-12-06 00:33:33
123,250,130,,Anna Tien,"Wow, love your energy! 😎 Totally get that feeling of stepping into a whole new world, I mean, everything seems so alive and different. America really does have a way of opening your eyes to new possibilities!",2025-12-06 00:37:12,2025-12-06 00:37:12
124,48,130,,Anna Tien,Totally get that! 😎 Finding a crew that gets you makes all the difference. Props to this space for helping folks not feel so solo!,2025-12-06 00:38:52,2025-12-06 00:38:52
125,236,124,,Cindy Zamudio,"Shannen, that's such a beautiful routine you maintain ❤️👩‍🍳🇵🇭",2025-12-06 04:22:30,2025-12-06 04:22:30
126,230,131,84,Karen Khachatryan,@juls123 Thanks for the warm welcome! I’m new here too and really happy to join this community 😊,2025-12-06 05:23:28,2025-12-06 05:23:28
127,260,68,,IMKH For immigrants,"This is beautiful. We may all come from different countries but on this platform, love is for everybody. Thanks for sharing.",2025-12-06 13:01:50,2025-12-06 14:28:34
128,241,111,,"Tayo Obatusin,MD.FAPA","It was rough but l stayed determined. The rewards are beautiful. "" American Dream""",2025-12-06 15:07:36,2025-12-06 15:07:36
129,255,126,,franyi perez,“This is usually for 3 months as a tourist.”,2025-12-08 04:04:33,2025-12-08 04:04:33
130,252,126,,franyi perez,"“I strongly believe that as long as there is life, there is hope. Age doesn’t matter — just look up how many people became rich, famous, or took off at a later age.”",2025-12-08 04:09:17,2025-12-08 08:19:03
131,252,125,130,Amirreza Badran,@franyi09 So true!,2025-12-08 08:20:08,2025-12-08 08:20:08
132,270,44,,Justine Tolentino,"It really sucks how these policy changes hit regular people just trying to build a life. I’m not familiar with Libya’s specific restrictions, but from what I’ve seen, folks in similar situations usually look into other routes like family petitions, employer sponsorships, or student visas since the ban mostly affects the DV Lottery. If those aren’t options, Canada might be a good temporary path just so your plans don’t stay on hold forever. Hoping things shift soon for you.",2025-12-08 12:17:35,2025-12-08 12:17:35
133,269,44,,Justine Tolentino,"Honestly, it was the night I cried in my room after a long day because everything felt unfamiliar. I wasn’t upset about one specific thing.. just homesick, overwhelmed, and trying to hold it together in a new place.",2025-12-08 12:21:02,2025-12-08 12:21:02
134,271,44,,Justine Tolentino,"That’s really tough. From what I’ve seen, the DV ban mainly affects the lottery, but some people still look into other paths like work visas, student visas, or family sponsorship if they qualify. If none of those are realistic for you right now, Canada could be a good option, so your plans don’t stay completely stuck. Hoping things open up again soon.",2025-12-08 12:23:35,2025-12-11 10:41:40
135,270,66,,Shannen Vergara,"That’s a really tough spot. I’d look into any work or study visas still open to your country, since bans sometimes don’t cover all categories. Canada could be a good temporary path too while waiting for policy changes.",2025-12-08 12:23:38,2025-12-08 14:02:58
136,269,66,,Shannen Vergara,I think my most vulnerable moment was feeling lost my first weeks here.,2025-12-08 12:24:47,2025-12-08 12:24:47
137,257,66,,Shannen Vergara,"Welcome to the crew. Glad you’re feeling the good vibes here, it really feels like a warm space.",2025-12-08 12:26:08,2025-12-08 12:26:08
138,253,66,,Shannen Vergara,"That’s real advice. Starting small helped me too, and those little steps really build confidence over time.",2025-12-08 12:26:40,2025-12-08 12:26:40
139,262,44,,Justine Tolentino,"I’m trying to keep things pretty balanced. I don’t do strict fasting, but I do try to give myself longer breaks between meals and eat earlier in the evening. Nothing fancy, just trying to listen to my body a bit more than before! :)",2025-12-08 12:27:29,2025-12-08 12:27:29
140,252,66,,Shannen Vergara,"I felt the same at first. Everything was new and heavy, but taking small steps each day made it feel possible. Proud of your growth too.",2025-12-08 12:27:41,2025-12-08 13:43:57
141,240,66,,Shannen Vergara,"For me, the waiting and paperwork were the biggest surprises. It took way longer than I expected, but patience really helps.",2025-12-08 12:28:13,2025-12-08 12:28:13
142,258,44,,Justine Tolentino,"I love this. It’s a good reminder that happiness isn’t something we wait for, we kind of have to protect it and choose it every day.",2025-12-08 12:28:13,2025-12-08 12:28:13
143,239,66,,Shannen Vergara,"I’ve learned to slow down and really enjoy meals, something I picked up from local culture here.",2025-12-08 12:29:25,2025-12-08 12:29:25
144,261,44,,Justine Tolentino,"Interesting way to put it. I’ve noticed that too, managing your time well matters a lot when you’re starting over in a new country. It’s one of the things that can actually make the transition easier.",2025-12-08 12:36:38,2025-12-08 12:36:38
145,252,44,,Justine Tolentino,"Definitely. Starting over felt huge and kinda scary at first. But once I found my rhythm, I realized I was handling more than I gave myself credit for. It’s nice to look back and see how far we’ve come.",2025-12-08 12:37:36,2025-12-08 13:44:01
146,254,44,,Justine Tolentino,"Hi Rocío! Nice to meet you. I'm Justine from the Philippines, and currently working in the US. I studied Spanish for a bit, and I want to keep learning more, especially by talking with people from different countries. Do you have any tips or resources that helped you improve?",2025-12-08 12:40:10,2025-12-08 12:40:10
147,276,67,,Julien Kim,"I introduced my friends to Korean BBQ at home. grilling at the table, lots of side dishes, the whole vibe. They loved it way more than I expected!",2025-12-08 12:45:28,2025-12-09 20:31:53
148,276,66,,Shannen Vergara,"I shared our Filipino halo-halo dessert with some friends here, and they ended up loving it! It was fun seeing them excited about something from home.",2025-12-08 12:45:45,2025-12-09 20:31:53
149,269,67,,Julien Kim,"For me, it was the first time I couldn’t explain myself properly because of the language barrier. I felt so embarrassed and overwhelmed",2025-12-08 12:46:24,2025-12-08 12:46:24
150,277,67,,Julien Kim,"Mine was when a coworker invited me to their family cookout. I expected to just sit quietly, but everyone treated me like I’d been part of the group for years. It was the first time I really felt, ‘Okay… I belong here.’",2025-12-08 12:47:31,2025-12-10 21:32:03
151,275,67,,Julien Kim,"My first real connection happened when a neighbor waved and asked if I was new to the area, we ended up chatting for a few minutes. It was small, but it made me feel less invisible.",2025-12-08 12:48:55,2025-12-08 12:48:55
152,274,67,,Julien Kim,Not just you I still do it all the time. My brain refuses to stop converting prices before I buy anything. 🤣,2025-12-08 12:49:40,2025-12-09 20:34:35
153,273,67,,Julien Kim,"For me, a bit healthier. I walk more here and eat lighter than I used to, so my body feels different. But yeah, the change is real.",2025-12-08 12:50:09,2025-12-08 12:50:09
154,270,133,132,Sanad,"@justinelei Thank you so much for your advice, Justine. I really appreciate you taking the time to explain the alternative options like family petitions, employer sponsorship, and student visas. I have a question: do family petitions include relatives like uncles? I will definitely look into these options while waiting for the situation to improve.",2025-12-08 12:50:25,2025-12-08 12:57:02
155,270,133,135,Sanad,"@shannenigans Thanks, Shannen! Quick question: do family petitions include relatives like uncles? Your suggestions give me hope and some steps to consider.",2025-12-08 12:50:50,2025-12-08 12:50:50
156,272,67,,Julien Kim,"It's a long process but my tip is to focus on employers who’ve sponsored before, they understand the process and are more open to it. 👍",2025-12-08 12:51:18,2025-12-09 00:31:06
157,271,133,134,Sanad,"@justinelei Thanks for your advice, Justine! Quick question: do family petitions include relatives like my uncle, who has been a U.S. citizen for over 13 years along with his wife and children? I’ll look into these options while waiting.",2025-12-08 12:54:08,2025-12-11 10:41:46
158,270,44,132,Justine Tolentino,"@snd21 If I can clearly recall it, family petitions are only available to first family, like your parents, your spouse, or your daughter/son.",2025-12-08 12:57:59,2025-12-08 14:02:54
159,270,133,132,Sanad,"@justinelei Thank you so much for the clarification, Justine! I really appreciate your help and taking the time to explain this",2025-12-08 14:03:06,2025-12-08 14:03:06
160,258,35,,Ola Obatusin,"That's soo right Justine. We are only responsible for our own happiness. No matter how much we work hard to make other people happy, we are only pouring from an empty cup. Understand your limits and start working on being kind to yourself, practice self-compassion and don't forget to self-validate. Have a beautiful week...",2025-12-08 14:58:12,2025-12-08 14:58:12
161,250,127,,Abdulgafar Aleshinloye,"Leaving home and migrating to a whole new country can be scary, but is definitely worth it once you get your bearings. The new experiences and memories are irreplaceable!",2025-12-09 00:26:03,2025-12-09 00:26:03
162,274,127,,Abdulgafar Aleshinloye,"It definitely takes a long while to stop, but I assure you it still comes to mind here and there haha",2025-12-09 00:29:32,2025-12-09 20:34:34
163,278,66,,Shannen Vergara,"I totally get that! Moving to a new place always comes with surprises. For me, it was how quiet the city felt at night compared to back home.",2025-12-09 19:11:40,2025-12-12 20:02:58
164,274,66,,Shannen Vergara,"Yes, I still do this sometimes! Old habits die hard haha",2025-12-09 19:12:57,2025-12-09 20:34:39
165,272,66,,Shannen Vergara,"Networking and reaching out directly really helped me. Also, showing your skills clearly and being patient makes a big difference. Persistence usually pays off in the end.",2025-12-09 19:14:05,2025-12-09 19:14:05
166,282,44,,Justine Tolentino,"I try to keep one or two non-negotiables, like a short walk and cooking something decent at home. Even if everything else gets chaotic, those little habits help me stay grounded.",2025-12-09 20:21:10,2025-12-09 20:21:10
167,281,44,,Justine Tolentino,"The food!! Even just making a quick bowl of champorado or adobo instantly makes me feel settled, no matter where I am.",2025-12-09 20:23:02,2025-12-10 21:31:09
168,280,44,,Justine Tolentino,"From what I’ve seen and heard from friends (and just doing my own research out of curiosity lol), that old policy letting visitors apply for a work permit from inside Canada was temporary. I’m not sure it’s still in place for 2026, so most people are saying you usually need a job offer first and then apply from outside the country. But Canada changes policies a lot, so it’s really worth double-checking with an official source or an immigration lawyer. Hope you get clearer answers from folks who’ve done it recently.",2025-12-09 20:25:58,2025-12-23 13:30:27
169,278,44,,Justine Tolentino,"Same here, but with the opposite issue. I was shocked at how *cold* the air felt even in early spring when I first moved abroad. I kept thinking, “This is supposed to be warm already?” My body needed a minute to catch up.",2025-12-09 20:27:50,2025-12-12 20:03:00
170,277,44,,Justine Tolentino,"When a neighbor invited me to join a small cultural event in the community. I didn’t really know what was going on at first, but they explained things as we went and even taught me a few traditions. It was simple, but it made me feel genuinely welcomed.",2025-12-09 20:31:36,2025-12-10 21:32:05
171,275,44,,Justine Tolentino,I felt the same way on my first week here. That mix of excitement and loneliness is real.,2025-12-09 20:34:23,2025-12-09 20:34:23
172,283,67,,Julien Kim,"No, thankfully I haven’t had that happen, but I’ve heard a lot of people go through it. Sorry you had to deal with that.",2025-12-09 20:39:12,2025-12-12 06:57:26
173,282,67,,Julien Kim,"I try to keep it basic. stay hydrated, take short walks, and cook at least one real meal a day. Even small habits help me stay grounded when everything gets busy.",2025-12-09 20:40:22,2025-12-09 20:40:22
174,254,128,,Rocio Micaela Zapaja,"hola justine! mi consejo , lo que a mi me ayudo para poder aprender mejor el idioma es escuchar musica , ver peliculas en el idioma que quiero aprender y admas hablar con personas de ese pais.",2025-12-10 11:49:23,2025-12-10 11:49:23
175,283,66,,Shannen Vergara,Happened to me before too. Online photos can feel like a different world sometimes.,2025-12-10 21:31:04,2025-12-12 06:57:28
176,284,66,,Shannen Vergara,"I learned by listing what I really needed daily, then comparing plans slowly and asking others abroad. It helped a lot.",2025-12-10 21:31:53,2025-12-12 06:57:10
177,271,68,,IMKH For immigrants,Please search our feed and watch this video on how to immigrate to Canada and consult your attorney..,2025-12-11 10:44:38,2025-12-23 13:30:46
178,295,136,,Mohamed akmal,i saw this lol,2025-12-11 23:56:01,2025-12-12 06:55:50
179,296,136,,Mohamed akmal,up,2025-12-12 00:00:56,2025-12-12 00:00:56
180,296,44,,Justine Tolentino,This really resonates. That feeling of stepping into a completely new world and not knowing where to begin is something a lot of immigrants experience.,2025-12-12 02:03:31,2025-12-12 06:53:11
181,293,44,,Justine Tolentino,"Yes, definitely. I noticed my energy dipped a lot at first. Keeping a few simple habits like daily walks, staying hydrated, and eating more home-cooked meals has helped me feel more balanced over time.",2025-12-12 02:05:15,2025-12-15 14:51:29
182,292,44,,Justine Tolentino,"I went with a bank that had low fees and lots of branches nearby, since I was still figuring things out. I also checked if they had a good mobile app and easy transfers. Keeping it simple at first really helped.",2025-12-12 02:06:06,2025-12-12 06:55:20
183,293,67,,Julien Kim,"Same here, my energy definitely dipped at first. What helps me is keeping a steady sleep schedule and getting some fresh air every day. Even a quick walk or stretching for a few minutes makes a big difference.",2025-12-12 02:09:03,2025-12-15 14:51:31
184,297,67,,Julien Kim,"For me it was getting a phone plan. I stressed about options for days, but once I walked into a store, it was done in like 10 minutes. E-sims are also available now",2025-12-12 02:10:31,2025-12-12 06:54:22
185,297,66,,Shannen Vergara,"When I first moved, I overthought choosing a phone plan. I compared every option for hours, worried about coverage and cost, but once I asked locals and tried a simple plan, it worked perfectly. It taught me sometimes trusting the basics is enough.",2025-12-12 02:10:34,2025-12-12 06:54:20
186,296,66,,Shannen Vergara,"It’s amazing how moving to a new country can completely change your perspective. Experiencing the culture, the people, and even the small everyday things really opens your mind and teaches you to appreciate different ways of life.",2025-12-12 02:11:39,2025-12-23 13:30:15
187,298,66,,Shannen Vergara,"Since moving abroad, I’ve really focused on walking more and staying active daily. Exploring new neighborhoods on foot not only keeps me healthy but also helps me feel connected to my new surroundings.",2025-12-12 02:12:43,2025-12-12 06:57:56
188,285,68,,IMKH For immigrants,"Yes. First identify banks in your location and simply give them a call. Each bank has different requirements. Definitely, you will need to identify yourself legally. We hope this helps.",2025-12-13 13:37:03,2025-12-13 13:37:03
189,306,111,,"Tayo Obatusin,MD.FAPA","Overtime, l have noticed a decrease in my rate. However, rate are influenced by driving history including motor vehicle accidents.",2025-12-15 15:27:36,2025-12-15 15:27:36
190,304,67,,Julien Kim,"For me, it was how informal everything felt, calling professors or managers by their first names and speaking up so freely. It took a while to adjust, but now I really appreciate it.",2025-12-15 16:07:54,2025-12-15 16:23:21
191,308,111,,"Tayo Obatusin,MD.FAPA",Phone plan. I needed the phone to keep me in contact with my friends back home. Everything was strange on arrival. I remembered getting off a bus at a wrong bus stop. It was a bad experience.,2025-12-15 16:21:46,2025-12-15 16:21:46
192,307,66,,Shannen Vergara,"I can relate so much! I used to get completely overwhelmed with all the forms and procedures here. Now it’s second nature, but I still remember how confusing everything felt at first it’s crazy how quickly you adapt",2025-12-15 17:59:14,2025-12-15 17:59:14
193,308,66,,Shannen Vergara,"Oh yes, paperwork for sure! I used to stress over every little form and deadline, it felt endless at first. Looking back, it’s funny how something that once felt so overwhelming is now just part of the routine.",2025-12-15 18:07:08,2025-12-15 20:25:58
194,308,127,193,Abdulgafar Aleshinloye,@shannenigans This is so real. I think I still stress about paperwork to this day. Always making sure everything is valid and accurate at all times,2025-12-17 20:03:37,2025-12-17 20:03:37
195,310,44,,Justine Tolentino,I love this!,2025-12-17 21:53:53,2025-12-17 21:53:53
196,313,67,,Julien Kim,🙏,2025-12-18 07:42:28,2025-12-18 07:42:28
197,315,44,,Justine Tolentino,Doing good!! How are you? 🤗,2025-12-18 07:47:04,2025-12-18 07:47:04
198,315,111,,"Tayo Obatusin,MD.FAPA",Cool and you?,2025-12-18 10:58:08,2025-12-18 10:58:08
200,315,66,,Shannen Vergara,"Doing okay, thank you. How about you?",2025-12-18 20:46:48,2025-12-18 20:46:48
201,286,68,,IMKH For immigrants,"To get an LMIA-supported job offer, a the employer must prove they couldn't find a citizen to do the job, then advertise the role, hire you after extensive recruitment, and apply for the positive LMIA through Job Bank (Job Bank) and the [LMIA online portal (LMIA Online portal)](https://www.canada.ca/en/employment-social-development/services/foreign-workers/median-wage/low.html). Your role is to find an employer with a genuine need, possess the unique skills for the role, and apply with a strong profile, as this boosts your Express Entry CRS score (Express Entry CRS score). Key Takeaway A positive LMIA is a significant boost for your Express Entry profile, but it requires a dedicated, legitimate employer who has proven the need for a foreign worker. Be wary of scams; legitimate offers cannot be bought.",2025-12-19 00:27:19,2025-12-19 00:27:19
202,323,67,,Julien Kim,thanks!!!!,2025-12-22 17:55:23,2025-12-22 17:55:23
203,305,67,,Julien Kim,hmm,2025-12-22 17:57:01,2025-12-22 17:57:01
204,319,66,,Shannen Vergara,"For most people, permanent residency and the green card are the same. Once you’re approved, you become a permanent resident and the green card is the proof. The path and timeline just depend on how you applied.",2025-12-23 00:52:20,2025-12-23 00:52:20
205,327,44,,Justine Tolentino,🙌,2025-12-23 18:34:14,2025-12-23 18:34:14
206,329,44,,Justine Tolentino,"It feels different, honestly. Back home in the Philippines, holidays were louder, longer, and very family-centered. Here it’s a bit quieter and more planned, so I’m learning to prepare ahead and create small traditions of my own. I still try to keep some Filipino food and rituals so it doesn’t feel too far from home.",2025-12-23 18:35:49,2026-01-17 04:24:14
207,328,44,,Justine Tolentino,"Take it slow. Focus on the basics first.. get your phone, learn the neighborhood, and handle important paperwork. Exploring a little each day and talking to people really helps things feel less overwhelming.",2025-12-23 18:36:28,2025-12-23 18:36:28
208,324,44,,Justine Tolentino,Happy Holidays!,2025-12-23 18:36:50,2025-12-23 18:36:50
209,330,67,,Julien Kim,Thanks for sharing this! Articles like this make it feel less overwhelming when you see others’ tips and experiences laid out clearly.,2025-12-23 18:39:46,2025-12-23 18:39:46
210,327,67,,Julien Kim,That really sums it up. So much of American history shows how hope and determination can turn struggle into opportunity.,2025-12-23 18:40:26,2025-12-24 00:35:30
211,332,44,,Justine Tolentino,What surprised me most was how different the driving habits are and how strict some rules feel compared to back home.,2025-12-23 18:41:47,2025-12-23 18:41:47
212,331,44,,Justine Tolentino,"Moving abroad taught me how adaptable I actually am. Even on days that felt overwhelming, I learned I could figure things out one step at a time and be more patient with myself and others.",2025-12-23 18:42:47,2025-12-23 18:42:47
213,332,66,,Shannen Vergara,"Honestly, how different the rules and driving culture are definitely made me more cautious. Planning to get my own car soon too, a bank actually offered me a loan 😅",2025-12-23 18:52:02,2025-12-24 00:33:26
214,331,66,,Shannen Vergara,"It taught me to be more patient and open-minded everything feels unfamiliar at first, but you grow a lot once you stop comparing and start adapting.",2025-12-23 18:52:51,2025-12-23 18:52:51
216,329,35,,Ola Obatusin,"👍 That's very true Justine..with time and as you settle into your new country. You'll be able to carve out your home values and traditions. For now, enjoy the ride and have yourself a very Happy Holidays season...",2025-12-24 23:15:00,2026-01-17 04:24:18
217,342,111,,"Tayo Obatusin,MD.FAPA",Merry Christmas and Happy New Year,2025-12-28 01:40:47,2025-12-28 01:40:47
218,271,38,,Clara Baldwin,"**Quick answer:** If Libya is currently banned under the U.S. travel/visa restrictions, *there are limited direct ways to move to the U.S. right now*, and you should strongly consider **Canada or other countries with clearer immigration paths** — unless you have a very specific exception (like a close family member in the U.S., employer sponsorship, or a different nationality). [Travel.gov+1](https://travel.state.gov/content/travel/en/News/visas-news/suspension-of-visa-issuance-to-foreign-nationals-to-protect-the-united-states-from-foreign-terrorists-and-other-national-security-and-public-safety-threats.html?utm_source=chatgpt.com) *** ### 🇺🇸 US Options (More Difficult Right Now) **Why direct immigration may be blocked** * Recent U.S. travel/immigration bans suspend entry for nationals of several countries, **including Libya** for immigrant and non-immigrant visas with limited exceptions under national security rules. [Travel.gov+1](https://travel.state.gov/content/travel/en/News/visas-news/suspension-of-visa-issuance-to-foreign-nationals-to-protect-the-united-states-from-foreign-terrorists-and-other-national-security-and-public-safety-threats.html?utm_source=chatgpt.com) **Possible (but limited) legal ways to go to the U.S.** ✔ **Family-based visas** — if you have an immediate relative who is a U.S. citizen or green card holder. [ASAP](https://asaptogether.org/en/faqs-other-immigration-options/?utm_source=chatgpt.com) ✔ **Employment visas** — if a U.S. employer sponsors you for a work visa (this still depends on your occupation and current U.S. policy). [Travel.gov](https://travel.state.gov/content/travel/en/us-visas/immigrate.html?utm_source=chatgpt.com) ✔ **Study visas (in rare cases)** — **only if the ban doesn’t block student visas for your situation** (it often does). [Travel.gov](https://travel.state.gov/content/travel/en/News/visas-news/suspension-of-visa-issuance-to-foreign-nationals-to-protect-the-united-states-from-foreign-terrorists-and-other-national-security-and-public-safety-threats.html?utm_source=chatgpt.com) ✔ **Asylum or humanitarian parole** — *if you qualify under strict conditions*, but these are specialized and require legal support. [Welcome.US](https://welcome.us/explainers/alternative-legal-options-for-humanitarian-parolees?utm_source=chatgpt.com) 👉 **Important:** The **Diversity Visa (DV) Lottery itself is currently paused/affected** by these policies and may not be a practical route right now — even if Libya were eligible — because the U.S. government has suspended parts of the green card lottery program. [Reuters](https://www.reuters.com/world/us/us-homeland-security-orders-pause-dv1-visa-program-2025-12-19/?utm_source=chatgpt.com) **Official U.S. immigration overview (includes family, work, DV):** ➡️ **U.S. State Department — Immigrate to the U.S.** (official info on immigrant visas) [https://travel.state.gov/content/travel/en/us-visas/immigrate.html](https://travel.state.gov/content/travel/en/us-visas/immigrate.html?utm_source=chatgpt.com)",2025-12-29 21:53:21,2026-01-29 01:16:12
220,352,44,,Justine Tolentino,Welcome! Glad you’re here. This community really helps make the whole moving-abroad experience feel less overwhelming. Looking forward to learning and sharing together.,2025-12-29 23:50:37,2025-12-30 01:49:02
221,351,44,,Justine Tolentino,This is so perfect!,2025-12-29 23:50:55,2025-12-29 23:50:55
223,352,150,220,david tathum,"Thank you, @justinelei I really appreciate the warm welcome. I’m glad to be here and looking forward to learning and sharing with everyone as well",2025-12-30 01:49:57,2026-01-05 20:33:23
224,352,111,,"Tayo Obatusin,MD.FAPA",Welcome to our community. We are here to help one another. We share success stories and we solve our problems together.,2025-12-30 21:59:38,2025-12-30 21:59:38
226,324,152,,Daniel G4,Siempre es bueno conectar con más personas cuando estas lejos de casa ayuda a pasarla más ligero y a no sentirte tan triste.,2025-12-31 04:34:45,2025-12-31 04:34:45
227,352,150,,david tathum,"Thank you, Tayo. I truly appreciate the welcoming and supportive spirit of this community. Looking forward to learning, sharing, and growing together",2025-12-31 16:37:06,2026-01-05 20:33:19
228,315,35,,Ola Obatusin,Happy New Year to you and all yours. Thank you for checking in on us. All is well. 👍👍👍🙏,2026-01-01 20:56:02,2026-01-01 20:56:02
229,364,68,,IMKH For immigrants,``` Gracias por tu atenta pregunta. Es cierto que la soledad crónica en un nuevo país puede provocar ansiedad y depresión. Una plataforma como esta puede ayudar a reducir la soledad y prevenir la depresión y la ansiedad. Estamos aquí para apoyar a todos los inmigrantes. ```,2026-01-04 03:00:24,2026-01-04 15:17:12
230,374,159,,Aldemar Garcia Puerta,"Thank you for sharing this content. As an immigrant, I find this kind of information very helpful for adapting and planning for the future. I’m glad to be part of this community.",2026-01-04 03:08:24,2026-01-04 03:08:24
231,363,68,,IMKH For immigrants,``` Les damos la bienvenida a esta plataforma. Siéntanse libres de expresar su cultura y aprender de otras culturas. Estamos aquí para crear lazos y apoyarnos mutuamente. Agradecemos las nuevas ideas que nos permitan crecer y crear un espacio divertido para todos los inmigrantes. ```,2026-01-04 03:10:18,2026-01-04 03:10:18
232,345,159,,Aldemar Garcia Puerta,This is truly inspiring. Stories like this give hope to so many immigrants who are still in the process or feeling overwhelmed. Thank you for sharing such an honest and motivating journey.,2026-01-04 04:14:49,2026-01-04 04:14:49
233,364,159,,Aldemar Garcia Puerta,Mental health is so important when starting over in a new country. Feeling heard and supported makes a big difference.,2026-01-04 15:16:52,2026-01-04 15:16:52
234,376,111,,"Tayo Obatusin,MD.FAPA","When l realized that all my support system was gone. I was overwhelmed with fear of failure but with hardwork and determination, l am enjoying the American dream. Please encourage one another with your success story.",2026-01-04 16:58:13,2026-01-05 16:17:02
235,374,111,,"Tayo Obatusin,MD.FAPA","You are welcome. We all have to be our brother's keeper. We left our countries for success. On the platform, we will share information on how to be successful. Thanks",2026-01-05 15:54:10,2026-01-05 22:29:14
236,376,66,,Shannen Vergara,"Back in our hometown, there were always people around, even late at night, streets full of noise and life. Coming here, the quiet felt strange and heavy, making everything feel new, empty, and a little lonely at first.",2026-01-05 19:28:46,2026-01-05 20:32:38
237,352,66,,Shannen Vergara,I’m so happy you’re here and warmly welcome you to this supportive community.,2026-01-05 19:30:08,2026-01-05 20:33:18
238,375,44,,Justine Tolentino,"Yes, indeed. Though I wish sometimes more people would discover this space so we could have a lot of people exchanging tips and experiences to ease our homesickness. :)",2026-01-06 06:55:05,2026-01-06 06:55:05
239,376,156,,Sergio Garcia,"For me, it was not knowing the procedures at the institutions I would use at home. How does the healthcare system work? What do I do if I have an accident? The lack of a security network to reach out to was hard. However, I found people that were able to help me at school and at work that were very kind. You are not alone, don't be scared to reach out👍",2026-01-06 13:08:06,2026-01-06 15:17:14
240,169,156,,Sergio Garcia,Fantastic. Thanks for sharing.,2026-01-06 13:24:10,2026-03-02 20:55:11
241,365,156,,Sergio Garcia,In a different country than home but bringing traditions together!! Happy new year you all!,2026-01-06 13:25:14,2026-01-06 13:25:14
242,374,156,,Sergio Garcia,Thanks for sharing!,2026-01-06 14:37:35,2026-01-06 14:37:35
243,385,44,,Justine Tolentino,"This really resonates. Moving countries forces you to become resourceful whether you want to or not. You learn to adapt, problem-solve, and keep going even when things aren’t clear. That mindset definitely shapes how you show up and contribute over time.",2026-01-07 10:19:23,2026-01-07 10:19:23
244,388,111,,"Tayo Obatusin,MD.FAPA",Resilience and determination are the two factors for success.,2026-01-07 16:43:01,2026-01-07 16:43:01
245,391,111,,"Tayo Obatusin,MD.FAPA",Thanks for sharing,2026-01-07 21:29:31,2026-01-07 21:29:31
246,390,111,,"Tayo Obatusin,MD.FAPA",Thanks for sharing,2026-01-07 21:30:00,2026-01-07 21:30:00
247,365,68,,IMKH For immigrants,Happy New Year to you too.,2026-01-07 22:11:19,2026-01-07 22:11:19
248,392,44,,Justine Tolentino,Here's what we have in the Philippines!!,2026-01-09 12:34:34,2026-01-10 21:26:55
249,399,67,,Julien Kim,Thank you for this!,2026-01-09 12:43:40,2026-01-09 12:43:40
250,392,67,,Julien Kim,"From Korea :"")",2026-01-09 12:49:25,2026-01-10 21:25:12
251,401,68,,IMKH For immigrants,Please search our feed on visa to Spain Thanks,2026-01-09 18:16:04,2026-01-09 18:16:04
252,392,35,,Ola Obatusin,👍👍💕💕 Beautiful....,2026-01-10 21:25:05,2026-01-10 21:25:05
253,392,111,,"Tayo Obatusin,MD.FAPA",Beautiful people with excellent fashion.,2026-01-10 21:27:50,2026-01-10 21:27:50
254,418,161,,Heath Hayder,Agreed.,2026-01-16 00:20:43,2026-01-16 00:20:43
255,420,68,,IMKH For immigrants,Welcome to our platform. Please tell us more about Turkey and the culture?,2026-01-16 20:48:35,2026-01-16 20:48:35
256,420,38,,Clara Baldwin,What city are you from? :),2026-01-16 22:19:15,2026-01-16 22:19:15
257,364,163,,Jetty Salazar,"Es muy importante lo que estás aportando y muy cierto , el solo hecho de cambiar de país, vivir en otra cultura muy diferente a la tuya y acostumbrarse a nuevo estilo de vida, nueva comida, nuevos amigos, nuevo trabajo, nuevo idioma puede estresarnos mucho, es por ello que este tipo de plataformas son muy necesarias e importantes. Gracias",2026-01-16 23:34:06,2026-01-16 23:34:06
258,329,163,,Jetty Salazar,"My experience has been a bit different 😅 Back in Venezuela, we’re very festive people—we love sharing, dancing, cooking together, and turning any occasion into a celebration. Holidays feel loud, long, and full of warmth. Here in the U.S., it feels different. Things are more planned and people tend to be more reserved. It’s been an adjustment, but I’ve learned to create my own small traditions and keep my culture alive, especially through food and those little rituals that make me feel closer to home.",2026-01-17 00:25:50,2026-01-17 04:19:55
259,415,165,,Duy Nguyen,very helpful,2026-01-17 01:16:45,2026-01-17 01:16:45
260,266,167,,Dmytro Yurchyk,Thanks for info!,2026-01-18 19:18:04,2026-01-18 19:18:07
261,432,168,,Milena Freire,"Eu como imigrante,tenho usado muito da ajuda do yoga,meditação e estar em contato com a natureza,para ajudar no me dia a dia,a manter equilibrada,com a mente tranquila e serena e para poder encarar diariamente os desafios da vida de imigrante.",2026-01-19 16:42:28,2026-01-19 16:42:28
262,266,68,,IMKH For immigrants,Welcome,2026-01-19 16:43:08,2026-01-19 16:43:08
263,230,68,,IMKH For immigrants,Welcome,2026-01-19 16:43:38,2026-01-19 16:43:38
264,426,168,,Milena Freire,"Histórias reais como estas mostram a força, a coragem e a esperança que existem em cada jornada de imigração. Cada começo é único, mas todos carregam sonhos e muita determinação.Mostra o quanto somos fortes e guerreiros e todos podemos recomeçar em qualquer parte do mundo.",2026-01-19 16:45:54,2026-01-19 16:45:54
265,434,68,,IMKH For immigrants,Thank you so much for your insight,2026-01-19 16:53:36,2026-01-19 16:53:36
266,425,68,,IMKH For immigrants,Welcome,2026-01-19 16:55:19,2026-01-19 16:55:19
267,388,168,,Milena Freire,"A vida de imigrantes nos EUA revela histórias profundas de coragem e resiliência. Apesar das dificuldades, a esperança de um futuro melhor move cada passo dessa jornada. Esses relatos mostram que o sonho não é apenas um destino, mas um processo de adaptação, aprendizagem e força interior que transforma vidas.",2026-01-19 16:58:13,2026-01-19 16:58:13
268,375,168,,Milena Freire,"Um grande desafio conseguir morada em um novo país,onde não se tem referências,exigem altos valores adiantados e por ser imigrante já dificultam o aluguel e criam vários impedimentos.",2026-01-19 16:59:43,2026-01-19 16:59:43
269,435,169,,Jose Andres Tamayo Cedron,"Thank you for sharing your journey. It’s inspiring to see how living in different countries shapes our perspective and helps us grow. Stories like yours really show how immigration, despite the challenges, can be full of learning, resilience, and new beginnings. Wishing you continued success in Portugal!",2026-01-19 17:03:04,2026-01-20 01:30:10
270,421,170,,LAIRIN LACBAOAN,"Hello Clara, nice to virtually meet you. I am from Qatar.",2026-01-19 17:19:03,2026-01-19 17:19:03
271,437,68,,IMKH For immigrants,Welcome,2026-01-19 17:32:27,2026-01-19 17:32:27
272,435,68,,IMKH For immigrants,"``` Agradecemos mucho sus comentarios. Mudarse a un nuevo país a veces puede ser muy difícil, y por eso creamos esta plataforma para ayudar y apoyar a los inmigrantes en todo el mundo. Necesitamos que se escuche nuestra voz. Gracias. ```",2026-01-19 17:32:47,2026-01-19 17:58:28
273,436,68,,IMKH For immigrants,"``` Agradecemos mucho sus comentarios. Mudarse a un nuevo país a veces puede ser muy difícil, y por eso creamos esta plataforma para ayudar y apoyar a los inmigrantes en todo el mundo. Necesitamos que se escuche nuestra voz. Gracias. ```",2026-01-19 17:33:39,2026-01-20 01:33:24
274,439,68,,IMKH For immigrants,Welcome,2026-01-19 19:13:27,2026-01-19 19:13:27
275,388,111,,"Tayo Obatusin,MD.FAPA","``` El éxito para los inmigrantes es un proceso de adaptación, aprendizaje y fortaleza interior. Unirnos, especialmente en estos momentos, es vital para nuestra supervivencia, y la necesidad de apoyo para cada inmigrante es fundamental. Bienvenidos a esta plataforma. ```",2026-01-19 19:27:49,2026-01-19 19:27:49
276,436,172,,Oleksandr Kryvchuk,Hola Amigo! Puedo practicar espanol contigo? Me gustaria conocer tu historia,2026-01-19 19:59:07,2026-01-20 01:33:21
278,436,111,,"Tayo Obatusin,MD.FAPA","``` Soy psiquiatra y emigré de Nigeria. Aunque ya era médica en mi país, tuve que empezar de cero. Al llegar, todo me parecía extraño, pero con determinación y el apoyo de mis colegas, he llegado a donde estoy hoy: profesora clínica adjunta de psiquiatría. Formo a médicos residentes y ayudo a inmigrantes en su camino. No hablo español, pero uso inteligencia artificial para comunicarme en cualquier idioma. Me alegra que estés aquí. Únete a nosotros para dar voz a los inmigrantes en todo el mundo. ```",2026-01-19 20:33:32,2026-01-20 01:33:29
279,441,68,,IMKH For immigrants,Welcome,2026-01-20 01:32:26,2026-01-20 01:32:26
280,441,111,,"Tayo Obatusin,MD.FAPA","Please tell us, what is life like in Argentina and how you are adjusting?",2026-01-20 01:54:27,2026-01-20 01:54:27
281,230,173,,Karla Carbajal,"Hello everyone, and thank you for the welcome. The initiative to create a platform like this is great. I'll be using it when I go on my next trip!",2026-01-20 02:07:50,2026-01-20 02:07:50
282,439,175,,Rav Rommel Banaag,Welcome,2026-01-20 02:27:00,2026-01-20 02:27:00
283,228,173,,Karla Carbajal,"I would definitely say Pozole! Its flavor always transports me back to my country, Mexico.",2026-01-20 02:40:51,2026-01-20 02:40:51
284,426,177,,Florent Buisson,Every immigrant journey is a story of hope.,2026-01-20 04:24:42,2026-01-20 04:24:42
285,444,179,,Dharmesh Katariya,Finding a local store with Indian spices and snacks made a huge difference for me. That familiar taste instantly brought back a feeling of home and comfort.,2026-01-20 04:56:32,2026-01-31 05:53:34
287,448,44,,Justine Tolentino,"I feel the same way. It really does make things feel less isolating, and I like how organized the topics are. More practical and personalized filters would be super helpful, too.",2026-01-20 11:16:55,2026-01-21 17:56:58
288,447,44,,Justine Tolentino,"I agree with this a lot. The empathy really shows, and it doesn’t feel stiff or overly formal. The way everything is organized makes it easier to open up, share experiences, and actually feel supported.",2026-01-20 11:17:32,2026-02-06 16:38:21
289,433,180,,Lionel Pinkhard,"Here in Dubai, the public transport systems work very well, but many areas aren't covered yet. Driving can get hectic, and I missed so many exits when I first got here. I found it difficult to use apps like Google Maps initially because I was often in the wrong lane to take a turn. Eventually, I got the hang of driving around here, and it's not bad, except for the traffic in some areas.",2026-01-20 19:44:13,2026-01-20 19:44:13
290,453,68,,IMKH For immigrants,Welcome,2026-01-20 20:06:04,2026-01-20 20:06:04
291,462,182,,Mila Ermachenkova,"Such an important topic. For immigrants, especially, learning how to save and invest early in a new country can make a huge difference long term. The sooner you understand the system, the rules, and the opportunities, the more secure and confident your financial future becomes. Great video!",2026-01-21 20:46:14,2026-01-29 00:33:48
292,465,68,,IMKH For immigrants,Welcome,2026-01-22 21:51:37,2026-02-01 20:17:04
294,362,68,,IMKH For immigrants,"``` Para obtener la ciudadanía mexicana, generalmente se requieren 5 años de residencia legal (2 años si se está casado con un ciudadano mexicano o se es de origen latinoamericano/ibérico), aprobar un examen de español e historia, no tener antecedentes penales y demostrar solvencia económica. Se necesitan formularios como el DNN-3, fotografías tamaño pasaporte, comprobante de domicilio y tarjeta de residencia, y los requisitos varían según el nacimiento, la ascendencia, el matrimonio o la naturalización. ```",2026-01-26 20:51:09,2026-01-26 20:51:09
295,473,185,,Kenneth Garzona,"I identify with Bacilio. I am also Guatemalan. We live in ""the land of eternal spring,"" but it is painful to see how he and other compatriots have had to leave our land because it is not safe to live in a place where the scales of justice tip toward criminals disguised in suits and ties who enrich themselves at the expense of theft, exploitation, and corruption.",2026-01-26 23:39:08,2026-01-26 23:39:08
296,421,185,,Kenneth Garzona,"Hi Clara, nice to meet you. I'm from Guatemala. And you?",2026-01-27 00:20:35,2026-01-27 00:20:35
297,439,186,,Eulis Jubaedah,"hello, nice to meet you",2026-01-27 09:08:18,2026-01-27 09:08:18
298,453,186,,Eulis Jubaedah,"hello, nice to meet you",2026-01-27 09:09:33,2026-01-27 09:09:33
299,404,191,,Viktoriia But,What are the best first steps for a newcomer to find work in the U.S?,2026-01-30 21:28:55,2026-01-31 11:29:52
300,471,191,,Viktoriia But,Thank you for sharing this! This is really helpful,2026-01-30 21:31:48,2026-01-30 21:31:48
301,484,111,,"Tayo Obatusin,MD.FAPA",Welcome,2026-01-31 05:47:57,2026-02-05 02:58:08
302,483,111,,"Tayo Obatusin,MD.FAPA",Welcome,2026-01-31 05:48:58,2026-01-31 05:48:58
303,474,111,,"Tayo Obatusin,MD.FAPA",Welcome,2026-01-31 05:50:24,2026-01-31 05:50:24
304,444,111,,"Tayo Obatusin,MD.FAPA",Local Jamaican food store in New York city makes me feel at home.,2026-01-31 05:53:29,2026-01-31 05:53:29
305,486,194,,See Can,Nice!,2026-01-31 10:42:57,2026-01-31 10:42:57
307,483,196,,Mostafa Abdelaleem,"> **Welcome Viktoriia** > **It’s great to have you here. I totally agree, community support makes a huge difference when starting fresh. Looking forward to your contributions!**",2026-01-31 11:22:13,2026-01-31 15:28:42
308,421,195,,Denys Yanovskyi,"Hi, Clara, i\`m from Poland (for now)",2026-01-31 11:54:08,2026-01-31 11:54:08
309,421,196,,Mostafa Abdelaleem,"hi clara , i'm from egypt",2026-01-31 12:09:42,2026-01-31 12:09:42
310,474,196,,Mostafa Abdelaleem,welcome eulis,2026-01-31 12:12:33,2026-01-31 12:12:33
311,486,68,,IMKH For immigrants,Welcome,2026-01-31 14:56:58,2026-01-31 14:56:58
312,487,68,,IMKH For immigrants,Welcome,2026-01-31 14:57:45,2026-01-31 15:11:56
313,488,68,,IMKH For immigrants,Welcome. We all need luck and determination to succeed.,2026-01-31 15:03:52,2026-01-31 15:05:23
314,465,197,,Janice Rubin,That would be amazing!,2026-01-31 19:29:16,2026-02-01 20:17:06
315,490,68,,IMKH For immigrants,Welcome,2026-01-31 21:02:30,2026-01-31 21:02:30
316,491,68,,IMKH For immigrants,Welcome,2026-02-02 16:49:07,2026-02-02 16:49:07
317,496,68,,IMKH For immigrants,Welcome,2026-02-03 13:17:23,2026-02-03 13:17:23
318,496,111,,"Tayo Obatusin,MD.FAPA","Check the company's track records. Better if you know an insider in the company. For example if you are coming to America, you can check the state corporate division to confirm if the company is real.",2026-02-03 13:24:27,2026-02-03 13:24:27
319,491,203,,Maria Nava,Hi!!!,2026-02-03 14:06:27,2026-02-03 14:06:27
320,501,111,,"Tayo Obatusin,MD.FAPA",Thank you for your message of hope.,2026-02-03 19:18:47,2026-02-03 19:18:47
321,501,68,,IMKH For immigrants,Welcome,2026-02-03 19:19:33,2026-02-03 19:19:33
322,491,68,,IMKH For immigrants,We created this for us by us. We need our own voice. Please spread the news.,2026-02-03 19:20:57,2026-02-03 19:21:57
323,501,68,,IMKH For immigrants,We created this for us by us. We need our own voice. Please spread the news.,2026-02-03 19:24:26,2026-02-03 19:24:26
324,484,68,,IMKH For immigrants,We created this for us by us. Please spread the news.,2026-02-03 19:27:36,2026-02-05 02:58:09
325,501,204,,Nouruddin G,Thank you for your courage! And never stop giving hope.,2026-02-03 19:35:41,2026-02-03 21:43:23
326,491,205,,Jessica Abreu,"Hi Elvin! Oh wow, I've always loved Japan as a tourist, but one thing that's held me back on considering long term stay (such as temporary work or studies) is the potential language barried. How are you navigating through this, especially through studies and social aspects? Thank you!",2026-02-03 20:37:12,2026-02-03 20:37:12
327,507,68,,IMKH For immigrants,Welcome,2026-02-03 21:44:57,2026-02-03 21:44:57
328,505,68,,IMKH For immigrants,Welcome,2026-02-03 21:46:11,2026-02-03 21:46:11
329,505,68,,IMKH For immigrants,Please check out notification system on the top left and select your options. Immigrantknowhow.com will be available in many languages by summer.,2026-02-03 21:50:39,2026-02-03 21:50:39
330,505,68,,IMKH For immigrants,Image attachment: https://immigrantknowhow.com/wp-content/uploads/immigrant-community/immigrantcom-d51954bda9d30ad278b9384cf1aa3f0e-immigrantcom-1000107281.webp,2026-02-03 21:52:14,2026-02-03 21:52:14
331,505,68,,IMKH For immigrants,Please see our notification system under members,2026-02-03 21:53:06,2026-02-03 21:53:06
332,507,111,,"Tayo Obatusin,MD.FAPA",Congratulations. Things are tough right now here in America.,2026-02-03 21:55:40,2026-02-03 21:55:40
333,507,35,,Ola Obatusin,"I came into US very many years ago when things has not gotten difficult, like what we’re experiencing now in America. Even, at that time, people thought it was tough. Nobody could envisage what the climate looked like, at this time. My advice for people who are waiting is to be patient and not lose focus. Things are still going to cool down. Do not lose hope…very soon, you will be victorious..#bettertimeiscoming..",2026-02-03 23:36:35,2026-02-04 01:33:06
334,506,68,,IMKH For immigrants,Welcome,2026-02-04 01:34:02,2026-02-04 01:34:02
335,446,206,,Joshua Mormino,100% this,2026-02-04 02:54:56,2026-02-04 02:54:56
336,508,68,,IMKH For immigrants,Welcome,2026-02-04 03:06:21,2026-02-04 03:06:21
337,507,209,,JONATHAN MASON,"I have been in the US for 20+ years now. I came in on a fiancée visa, and while the process went smoothly, the hardest part was all the waiting between stages, not knowing what was going on. Like you can wait for months with just being told ""we are processing your application."" Which made it hard to plan dates for flights and the wedding etc. But in the end it all worked out and im a citizen now, happily married with 2 kids and loving life in the US",2026-02-04 15:09:28,2026-02-07 19:54:40
338,510,68,,IMKH For immigrants,Welcome,2026-02-04 18:01:22,2026-02-04 18:01:22
339,496,210,,Licurgo Mattos,"This is a barrier that I find myself right now. I´m looking for a remote position seems that even Instagram Ads there´s tons of scams and unreal ""opportunities"". On freelancer´s websites, I always look the company´s profile, check their own website and their google business page.",2026-02-04 19:30:36,2026-02-13 16:49:09
340,511,68,,IMKH For immigrants,Please check goabroad.com and indeed.com,2026-02-04 20:31:46,2026-02-04 20:31:46
341,511,68,,IMKH For immigrants,Welcome,2026-02-04 20:33:22,2026-02-04 20:33:22
342,511,66,,Shannen Vergara,Welcome!,2026-02-06 05:17:53,2026-02-06 05:17:53
343,508,66,,Shannen Vergara,Welcome <3,2026-02-06 05:18:02,2026-02-06 05:18:02
345,501,208,,anas oustani,"The journey can definitely be hard sometimes, but reminders like this help a lot. Wishing strength and success to everyone here",2026-02-09 08:12:52,2026-02-09 13:15:30
346,517,68,,IMKH For immigrants,Welcome,2026-02-09 13:14:09,2026-02-09 13:14:09
347,471,35,,Ola Obatusin,Short and concise…very true 👍🏾,2026-02-10 03:41:10,2026-02-10 03:41:10
348,534,219,,Josue Royer,"Muy acertado tu aporte, Andrés. Estos consejos son excelentes. Muchas veces nos enfocamos en la meta que no es sostenible a largo plazo, y y no logramos sacar provecho de esto. Sin embargo, esos puntos son claros y precisos sobre como debemos manejarnos para sacar el máximo provecho del asunto.",2026-02-13 18:04:40,2026-02-13 18:04:40
349,536,220,,God'sFavour Uba,"This is very true, especially the taxes part. it is very important to acquaint yourselves with the laws of the land.",2026-02-13 19:43:22,2026-02-13 19:43:22
350,465,220,,God'sFavour Uba,"Oof. I feel for moms starting out in a new country, especially without a support system. it can be very difficult to trust someone with your child while you do other things. Finding a place where you can actually get something done while being in close proximity to your child is very helpful.",2026-02-13 19:49:31,2026-02-13 21:28:04
351,401,220,,God'sFavour Uba,"Hope you found what you need, Sending you virtual hugs for the journey ahead.🫶",2026-02-13 20:01:04,2026-02-13 21:27:30
352,539,111,,"Tayo Obatusin,MD.FAPA",Well said. Our accents may be seen as weakness. It signifies courage to work harder and become successful.,2026-02-14 16:03:52,2026-02-16 16:41:54
353,538,111,,"Tayo Obatusin,MD.FAPA","You have just summarized my life on arrival. Today, l am living the dream.",2026-02-14 17:41:54,2026-02-16 16:46:36
354,537,111,,"Tayo Obatusin,MD.FAPA",Starting all over is a new beginning to your success as long as you are goal oriented.,2026-02-14 17:47:48,2026-02-16 16:44:46
355,536,111,,"Tayo Obatusin,MD.FAPA","Absolutely, it is very important to know the taxes and credit system of your new home. And please avoid crime.",2026-02-14 17:50:48,2026-02-14 17:50:48
356,535,111,,"Tayo Obatusin,MD.FAPA","``` El ejercicio es muy bueno para el cuerpo y el alma porque ayuda a mejorar el bienestar general, incluida la aptitud mental. Antes pesaba 220 libras, pero ahora peso 196 libras. Me siento más ligero y más feliz. Como inmigrante, lo uso para combatir la soledad y, en el proceso, puedo socializar en el gimnasio ```",2026-02-14 18:03:04,2026-02-14 18:03:04
357,539,227,,Eveline Nyambongi,"Food homesickness is REAL. I literally dreamed about my grandmother's cooking last week and woke up almost crying lol. It's funny how smell and taste can trigger such intense memories. Have you found any restaurants that come close to the real thing, or are you learning to cook it yourself?",2026-02-15 10:36:19,2026-02-16 16:41:57
358,542,111,,"Tayo Obatusin,MD.FAPA","I love this. Subconsciously we're all drained culturally and linguistically. The good news is that if you stay focused, you be successful.",2026-02-15 19:50:28,2026-02-16 07:28:40
359,541,111,,"Tayo Obatusin,MD.FAPA","Absolutely, immigration, teach you how to be bold. You just need to sociable..",2026-02-15 19:55:46,2026-02-16 07:29:49
360,539,68,,IMKH For immigrants,Welcome,2026-02-15 19:57:57,2026-02-16 16:41:49
361,542,68,,IMKH For immigrants,Welcome,2026-02-15 19:59:01,2026-02-16 07:28:42
362,543,68,,IMKH For immigrants,Welcome,2026-02-16 15:27:47,2026-02-16 15:27:47
363,539,220,357,God'sFavour Uba,@skipper001 The real pinch for me is finding the real ingredients for that authentic taste,2026-02-16 16:43:43,2026-02-16 16:43:43
364,539,220,352,God'sFavour Uba,@carocibainc True that,2026-02-16 16:44:02,2026-02-16 16:44:02
365,539,220,360,God'sFavour Uba,@bkings Thank you,2026-02-16 16:44:18,2026-02-16 16:44:18
366,537,220,354,God'sFavour Uba,@carocibainc Thank you,2026-02-16 16:44:54,2026-02-16 16:44:54
367,538,220,353,God'sFavour Uba,@carocibainc Love that for you.,2026-02-16 16:46:54,2026-02-16 16:46:54
368,545,68,,IMKH For immigrants,Welcome,2026-02-16 22:53:13,2026-02-17 11:23:45
369,545,68,,IMKH For immigrants,Please watch our video on top countries to migrate in 2026 on our feed.,2026-02-16 22:59:45,2026-02-17 11:23:46
370,539,111,,"Tayo Obatusin,MD.FAPA","Thank God, we have many restaurants that cook our home food in New York but never the same.",2026-02-16 23:31:06,2026-02-17 10:18:33
371,552,68,,IMKH For immigrants,Welcome,2026-02-17 12:16:02,2026-02-17 12:16:02
372,553,68,,IMKH For immigrants,Welcome,2026-02-17 16:32:02,2026-02-17 21:30:33
373,554,68,,IMKH For immigrants,Welcome,2026-02-17 22:21:37,2026-02-17 22:21:37
374,554,111,,"Tayo Obatusin,MD.FAPA","Cultural adjustment, honesty and resilience are the key for success in any new country.",2026-02-17 22:55:53,2026-02-17 22:55:53
375,554,220,,God'sFavour Uba,True that. There are a lot of differences in the two cultures. it takes some time to get used to.,2026-02-19 12:44:05,2026-02-19 12:54:48
376,547,240,,sonia Hlel,Appreciate you sharing it🤩,2026-02-19 16:26:50,2026-02-19 16:26:50
377,546,240,,sonia Hlel,Love this!,2026-02-19 16:27:38,2026-02-19 16:27:38
378,554,240,,sonia Hlel,"Thanks for sharing, Collins! 🌟 Adapting to a new culture can be challenging but so rewarding. 😊",2026-02-19 16:29:24,2026-02-19 16:29:24
379,551,240,,sonia Hlel,"Thanks for sharing this, Justine! Very informative and important to understand. 👏",2026-02-19 16:30:21,2026-02-19 16:30:21
380,556,68,,IMKH For immigrants,Welcome,2026-02-19 18:11:41,2026-02-19 18:11:41
381,557,68,,IMKH For immigrants,Welcome,2026-02-19 21:22:20,2026-02-19 21:22:20
382,557,111,,"Tayo Obatusin,MD.FAPA",Please teach us one culture from Colombia. Thanks,2026-02-19 23:53:58,2026-02-19 23:53:58
383,556,111,,"Tayo Obatusin,MD.FAPA",Please teach us one culture from Tunisia,2026-02-19 23:55:04,2026-02-19 23:55:04
384,557,241,382,Juan Esteban Caicedo,"@carocibainc One important cultural tradition in Colombia is the Carnaval de Barranquilla, celebrated every year in Barranquilla, where people showcase traditional music, dances, and colorful costumes that reflect the country’s mix of Indigenous, African, and Spanish heritage.",2026-02-20 02:42:47,2026-03-02 23:27:44
386,571,111,,"Tayo Obatusin,MD.FAPA","This is very funny looking back. In my country we call soda - coke and the word soda means soap to us. On arrival, l went to Walmart looking for coke. Immediately, the manager led me to his office, l told him , l need cocacola. Then he said , here in American, we call it soda or pop. Have a wonderful day.",2026-02-22 03:04:22,2026-02-22 03:07:48
387,570,111,,"Tayo Obatusin,MD.FAPA","Better to use support groups like families, friends or other social organizations",2026-02-22 03:28:36,2026-02-22 03:28:36
388,569,111,,"Tayo Obatusin,MD.FAPA",Good advice. Thanks,2026-02-22 03:30:05,2026-02-22 03:30:05
389,568,111,,"Tayo Obatusin,MD.FAPA","For me, it was too cold on arrival and l missed home cooked food.",2026-02-22 03:35:06,2026-02-22 03:35:06
391,571,68,,IMKH For immigrants,Welcome,2026-02-22 03:39:42,2026-02-22 03:39:42
392,557,68,,IMKH For immigrants,Whoa. Thanks for sharing. That is a very good cultural heritage.,2026-02-22 03:44:50,2026-02-22 03:44:50
393,552,246,,Anam Hussain,Hello Sophio! I am also new and happy to connect!,2026-02-23 12:20:41,2026-02-23 12:20:41
394,549,246,,Anam Hussain,"This is such an important share! I truly believe that we sometimes undermine the impact of culture on our identity, but we truly thrive as a society when we celebrate each other's cultures!",2026-02-23 12:24:39,2026-02-23 12:24:39
395,560,246,,Anam Hussain,Great video! I hope this coach's story can inspire other people to be the best version of themselves that they can be!,2026-02-23 12:48:01,2026-02-23 12:48:01
396,521,246,,Anam Hussain,"This is very important information. Oftentimes, we focus more on physical health, if at all, instead of our mental health. This is true especially for refugees who may have had to leave their friends and families back home to escape a dangerous situation.",2026-02-23 12:50:43,2026-02-23 12:50:43
397,499,246,,Anam Hussain,Great video! Wish I had watched this when I was growing up!,2026-02-23 12:51:45,2026-02-23 12:51:45
398,575,68,,IMKH For immigrants,Welcome,2026-02-23 14:23:35,2026-02-23 14:23:35
399,574,111,,"Tayo Obatusin,MD.FAPA",Cultural heritage and resilience are the two important factors we have as an immigrant. We just need to put them into use to become successful. Thanks for sharing.,2026-02-23 14:29:21,2026-02-23 14:29:21
400,584,68,,IMKH For immigrants,Welcome,2026-02-25 05:25:02,2026-02-25 05:25:02
401,584,220,,God'sFavour Uba,Glad to have you here.,2026-02-25 09:48:40,2026-02-25 12:11:18
402,573,220,,God'sFavour Uba,Welcome,2026-02-25 09:49:28,2026-02-25 09:49:28
403,571,220,386,God'sFavour Uba,@carocibainc Haha. 🤣,2026-02-25 09:50:28,2026-02-25 09:50:28
404,510,251,,Danijel,"Hi, Jonathan! Nice to meet you. ""I’m putting together a team and want to connect with US men so we can work together and grow our income.",2026-02-25 10:33:45,2026-02-26 19:06:03
405,584,249,401,Vinod Reddy,@zara Thank you.,2026-02-25 12:42:51,2026-02-25 12:42:51
406,584,249,400,Vinod Reddy,@bkings Thank you,2026-02-25 12:43:04,2026-02-25 12:43:04
407,23,251,,Danijel,Hey buddy,2026-02-26 18:38:55,2026-02-26 18:38:55
408,352,251,,Danijel,"Hi, David!",2026-02-26 18:43:07,2026-02-26 18:43:07
409,423,251,,Danijel,"Hi, Jetty! I’m putting together a team and want to connect with US guy so we can work together and grow our income.",2026-02-26 18:46:34,2026-02-26 18:46:34
410,420,251,,Danijel,Hi! I’m putting together a team and want to connect with US guy so we can work together and grow our income.,2026-02-26 18:47:04,2026-02-27 00:13:18
411,420,68,,IMKH For immigrants,DM detail information or proposal our official email hi@immigrantknowhow.com,2026-02-27 00:17:29,2026-02-27 00:17:29
412,352,111,,"Tayo Obatusin,MD.FAPA",Do you agree that we need our own voice? All mmigrants should have a safe platform to discuss or ask for help. No idea is too small. Thank you guys.,2026-02-27 00:34:24,2026-02-27 00:34:24
413,588,111,,"Tayo Obatusin,MD.FAPA",We can also connect safely here. Thank you so much for sharing.,2026-02-27 00:36:25,2026-02-27 00:36:25
414,580,260,,K B,Test,2026-03-02 20:37:09,2026-03-02 20:37:09
416,266,256,,KELLY I,Thank you for sharing your experience,2026-03-02 20:41:16,2026-03-02 20:41:16
417,230,256,,KELLY I,Thank you for the warm welcome I love that this space celebrates our diversity. I’m looking forward to hearing everyone’s stories and sharing my own successes along the way,2026-03-02 20:45:00,2026-03-02 20:45:00
418,169,256,,KELLY I,"wow, i love it",2026-03-02 20:46:10,2026-03-02 20:57:33
419,584,265,,Jodian Hylton,Welcome to the community!,2026-03-02 23:25:48,2026-03-02 23:25:48
420,557,265,,Jodian Hylton,Welcome to the community!,2026-03-02 23:28:00,2026-03-02 23:28:00
421,506,265,,Jodian Hylton,"I love it! Congrats! It is not easy to move from the ""known"" to the ""unknown"" you went, learnt, strived, and conquered!",2026-03-02 23:30:30,2026-03-04 14:04:18
422,598,68,,IMKH For immigrants,Welcome,2026-03-03 00:35:30,2026-03-03 00:35:30
423,573,111,,"Tayo Obatusin,MD.FAPA",We are glad to have you,2026-03-03 00:38:44,2026-03-03 00:38:44
424,573,68,,IMKH For immigrants,Welcome,2026-03-03 00:42:12,2026-03-03 00:42:12
425,600,68,,IMKH For immigrants,Welcome,2026-03-03 04:25:44,2026-03-03 04:25:44
426,506,266,,Ioana C,"Hi Jessica, thank you for sharing your story! I actually thought about moving to Australia at one point too. It’s still a dream of mine to visit someday. Sydney looks like an incredible place to live!",2026-03-03 21:11:57,2026-03-04 14:04:24
427,602,44,,Justine Tolentino,"Hi Ioana! Finding local parent-and-kid events is a lot at first. A few things that have helped others in our group: • Check your **local Gemeinde or Stadt website** — they often have event calendars for family activities, library story times, and seasonal meetups. • Search for **“Spielgruppe / Eltern-Kind Gruppe”** in your area on Facebook, there are usually small community groups organizing playdates and informal meetups. • Look up **city library (Stadtbibliothek) events** — many have regular story times or children’s programs. • Try apps like **Meetup** or **Nextdoor** — parents sometimes organize playdates or group outings there. • Some local **indoor playgrounds (e.g., Trampoline Parks, Kids Activity Centers)** have weekly parent mornings or classes, worth checking their schedules. Hope you find some fun meetups soon.. it makes settling in a lot easier!",2026-03-03 22:07:25,2026-03-05 23:14:43
428,584,249,419,Vinod Reddy,@jodianh Thank you,2026-03-04 10:49:49,2026-03-04 10:49:49
429,605,254,,Saad Muhammad,Very informative video! Honest cost breakdowns like this are incredibly helpful for anyone thinking about relocating. Thanks for sharing your experience.,2026-03-04 15:04:57,2026-03-04 15:04:57
430,596,254,,Saad Muhammad,Such an helpful video!,2026-03-04 15:08:36,2026-03-04 15:08:36
431,611,68,,IMKH For immigrants,Welcome,2026-03-04 22:39:49,2026-03-04 22:39:49
433,602,68,,IMKH For immigrants,Welcome,2026-03-07 20:56:17,2026-03-07 20:56:17
434,631,68,,IMKH For immigrants,Welcome,2026-03-13 04:14:23,2026-03-13 04:14:23
435,652,111,,"Tayo Obatusin,MD.FAPA",I love it. Thanks,2026-03-26 21:43:29,2026-03-26 21:43:29
