old_wp_reaction_id,old_wp_post_id,old_wp_user_id,type,dedupe_key,created_at
17,21,50,like,wp_17_21_like_50,2025-11-13 17:53:17
19,21,38,like,wp_19_21_like_38,2025-11-13 20:49:06
20,22,38,like,wp_20_22_like_38,2025-11-13 20:49:08
21,23,38,like,wp_21_23_like_38,2025-11-13 20:58:38
22,27,57,like,wp_22_27_like_57,2025-11-13 21:29:00
23,33,60,like,wp_23_33_like_60,2025-11-14 01:49:35
24,27,60,like,wp_24_27_like_60,2025-11-14 01:50:30
26,34,57,like,wp_26_34_like_57,2025-11-14 04:44:53
27,35,50,like,wp_27_35_like_50,2025-11-14 05:11:33
28,30,50,like,wp_28_30_like_50,2025-11-14 05:11:52
29,34,50,like,wp_29_34_like_50,2025-11-14 05:27:22
30,33,50,like,wp_30_33_like_50,2025-11-14 05:27:24
31,24,63,bookmark,wp_31_24_bookmark_63,2025-11-14 08:24:32
33,26,63,like,wp_33_26_like_63,2025-11-14 08:24:53
35,29,63,like,wp_35_29_like_63,2025-11-14 08:30:55
36,31,58,like,wp_36_31_like_58,2025-11-14 11:53:47
37,30,58,like,wp_37_30_like_58,2025-11-14 11:53:58
38,27,58,like,wp_38_27_like_58,2025-11-14 11:54:59
39,33,58,like,wp_39_33_like_58,2025-11-14 11:55:12
40,34,58,like,wp_40_34_like_58,2025-11-14 11:55:15
41,35,58,like,wp_41_35_like_58,2025-11-14 11:55:17
42,37,58,like,wp_42_37_like_58,2025-11-14 11:55:41
45,37,44,like,wp_45_37_like_44,2025-11-14 23:16:16
46,24,44,like,wp_46_24_like_44,2025-11-14 23:22:59
47,35,65,like,wp_47_35_like_65,2025-11-15 11:37:30
48,32,65,like,wp_48_32_like_65,2025-11-15 11:38:15
49,33,65,like,wp_49_33_like_65,2025-11-15 11:38:24
51,38,66,like,wp_51_38_like_66,2025-11-17 15:39:17
52,29,66,like,wp_52_29_like_66,2025-11-17 15:40:04
53,37,66,like,wp_53_37_like_66,2025-11-17 15:42:31
55,41,67,like,wp_55_41_like_67,2025-11-17 15:54:23
56,38,67,like,wp_56_38_like_67,2025-11-17 15:54:27
57,37,67,like,wp_57_37_like_67,2025-11-17 15:55:23
58,32,67,like,wp_58_32_like_67,2025-11-17 15:57:45
59,43,44,like,wp_59_43_like_44,2025-11-18 18:24:11
60,42,44,like,wp_60_42_like_44,2025-11-18 18:24:22
61,40,44,like,wp_61_40_like_44,2025-11-18 18:27:18
63,41,44,like,wp_63_41_like_44,2025-11-18 18:27:37
64,32,44,like,wp_64_32_like_44,2025-11-18 18:27:49
66,44,66,like,wp_66_44_like_66,2025-11-18 18:43:39
67,42,66,like,wp_67_42_like_66,2025-11-18 18:45:44
70,44,67,like,wp_70_44_like_67,2025-11-18 18:50:48
71,45,67,like,wp_71_45_like_67,2025-11-18 18:51:59
72,29,67,like,wp_72_29_like_67,2025-11-18 18:52:01
73,28,67,like,wp_73_28_like_67,2025-11-18 18:52:23
74,33,73,like,wp_74_33_like_73,2025-11-20 16:35:07
75,26,73,like,wp_75_26_like_73,2025-11-20 16:48:28
76,46,75,like,wp_76_46_like_75,2025-11-20 21:09:58
77,47,70,like,wp_77_47_like_70,2025-11-20 21:29:19
78,47,72,like,wp_78_47_like_72,2025-11-20 23:23:48
79,43,75,like,wp_79_43_like_75,2025-11-21 00:28:58
80,33,75,like,wp_80_33_like_75,2025-11-21 00:30:49
81,27,75,like,wp_81_27_like_75,2025-11-21 00:30:52
85,48,44,like,wp_85_48_like_44,2025-11-21 01:12:00
86,47,44,like,wp_86_47_like_44,2025-11-21 01:12:17
88,46,44,like,wp_88_46_like_44,2025-11-21 01:12:59
89,45,44,like,wp_89_45_like_44,2025-11-21 01:13:35
93,49,67,like,wp_93_49_like_67,2025-11-21 01:16:30
94,46,67,like,wp_94_46_like_67,2025-11-21 01:16:53
96,48,67,like,wp_96_48_like_67,2025-11-21 01:17:11
102,51,68,like,wp_102_51_like_68,2025-11-22 03:32:55
103,26,68,like,wp_103_26_like_68,2025-11-22 03:53:37
104,25,68,like,wp_104_25_like_68,2025-11-22 03:53:44
106,46,68,like,wp_106_46_like_68,2025-11-22 04:04:41
107,51,72,like,wp_107_51_like_72,2025-11-22 09:19:08
108,42,68,like,wp_108_42_like_68,2025-11-23 02:12:32
109,48,68,like,wp_109_48_like_68,2025-11-23 02:22:33
110,45,68,like,wp_110_45_like_68,2025-11-23 02:22:45
111,44,68,like,wp_111_44_like_68,2025-11-23 02:22:57
112,43,68,like,wp_112_43_like_68,2025-11-23 02:23:05
113,41,68,like,wp_113_41_like_68,2025-11-23 02:23:26
114,40,68,like,wp_114_40_like_68,2025-11-23 02:23:34
115,39,68,like,wp_115_39_like_68,2025-11-23 02:23:46
116,38,68,like,wp_116_38_like_68,2025-11-23 02:23:56
118,24,86,like,wp_118_24_like_86,2025-11-23 12:49:16
119,26,86,like,wp_119_26_like_86,2025-11-23 12:49:29
120,25,86,like,wp_120_25_like_86,2025-11-23 12:49:30
121,31,86,like,wp_121_31_like_86,2025-11-23 12:49:50
122,30,86,like,wp_122_30_like_86,2025-11-23 12:49:53
123,45,86,like,wp_123_45_like_86,2025-11-23 12:49:58
124,29,86,like,wp_124_29_like_86,2025-11-23 12:49:58
125,28,86,like,wp_125_28_like_86,2025-11-23 12:52:06
133,42,86,like,wp_133_42_like_86,2025-11-23 13:03:03
137,38,86,like,wp_137_38_like_86,2025-11-23 13:07:34
138,41,86,like,wp_138_41_like_86,2025-11-23 13:07:36
141,44,86,like,wp_141_44_like_86,2025-11-23 13:18:46
142,37,86,like,wp_142_37_like_86,2025-11-23 13:18:53
144,27,86,like,wp_144_27_like_86,2025-11-23 13:39:32
145,33,86,like,wp_145_33_like_86,2025-11-23 13:39:33
147,35,86,like,wp_147_35_like_86,2025-11-23 13:39:37
148,43,86,like,wp_148_43_like_86,2025-11-23 13:39:38
150,51,86,like,wp_150_51_like_86,2025-11-23 13:39:42
151,52,86,like,wp_151_52_like_86,2025-11-23 13:42:43
152,52,68,like,wp_152_52_like_68,2025-11-23 20:07:27
153,53,68,bookmark,wp_153_53_bookmark_68,2025-11-23 22:10:32
154,53,35,like,wp_154_53_like_35,2025-11-24 02:14:41
155,45,73,like,wp_155_45_like_73,2025-11-24 19:33:11
156,54,68,like,wp_156_54_like_68,2025-11-24 20:48:28
157,55,68,like,wp_157_55_like_68,2025-11-24 21:52:04
159,55,44,like,wp_159_55_like_44,2025-11-25 01:10:59
160,54,44,like,wp_160_54_like_44,2025-11-25 01:11:16
161,53,44,like,wp_161_53_like_44,2025-11-25 01:11:28
162,51,44,like,wp_162_51_like_44,2025-11-25 01:11:36
168,55,35,like,wp_168_55_like_35,2025-11-25 03:28:16
169,52,35,like,wp_169_52_like_35,2025-11-25 03:32:51
174,54,88,like,wp_174_54_like_88,2025-11-25 06:16:30
177,50,73,like,wp_177_50_like_73,2025-11-25 19:56:18
178,56,66,like,wp_178_56_like_66,2025-11-25 20:38:03
179,49,66,like,wp_179_49_like_66,2025-11-25 20:38:31
180,46,66,like,wp_180_46_like_66,2025-11-25 20:39:05
183,57,67,like,wp_183_57_like_67,2025-11-25 20:42:35
184,57,68,like,wp_184_57_like_68,2025-11-25 20:42:49
185,56,67,like,wp_185_56_like_67,2025-11-25 20:44:11
189,55,72,like,wp_189_55_like_72,2025-11-26 00:40:47
191,57,73,like,wp_191_57_like_73,2025-11-26 21:44:11
192,55,73,like,wp_192_55_like_73,2025-11-26 21:48:18
195,33,68,like,wp_195_33_like_68,2025-11-27 19:34:43
196,27,68,like,wp_196_27_like_68,2025-11-27 19:34:45
199,65,73,like,wp_199_65_like_73,2025-11-28 16:00:03
200,62,73,like,wp_200_62_like_73,2025-11-28 16:00:24
201,162,99,like,wp_201_162_like_99,2025-11-28 18:28:05
202,168,99,like,wp_202_168_like_99,2025-11-28 18:31:58
203,169,99,like,wp_203_169_like_99,2025-11-28 18:55:16
204,169,68,like,wp_204_169_like_68,2025-11-29 00:00:08
205,217,68,like,wp_205_217_like_68,2025-11-29 19:58:00
206,137,91,like,wp_206_137_like_91,2025-11-29 22:43:46
207,157,91,like,wp_207_157_like_91,2025-11-29 22:44:11
208,137,68,like,wp_208_137_like_68,2025-11-30 00:28:46
209,65,38,like,wp_209_65_like_38,2025-11-30 22:34:01
210,64,38,like,wp_210_64_like_38,2025-11-30 22:34:03
211,63,38,like,wp_211_63_like_38,2025-11-30 22:34:05
212,54,38,like,wp_212_54_like_38,2025-11-30 22:34:07
213,52,38,like,wp_213_52_like_38,2025-11-30 22:34:27
214,51,38,like,wp_214_51_like_38,2025-11-30 22:34:43
215,33,38,like,wp_215_33_like_38,2025-11-30 22:34:50
216,216,38,like,wp_216_216_like_38,2025-11-30 22:38:34
217,215,38,like,wp_217_215_like_38,2025-11-30 22:38:35
218,57,38,like,wp_218_57_like_38,2025-11-30 22:41:29
219,58,38,like,wp_219_58_like_38,2025-11-30 22:41:30
220,217,35,like,wp_220_217_like_35,2025-12-01 01:35:21
221,222,35,like,wp_221_222_like_35,2025-12-01 07:21:55
222,226,44,like,wp_222_226_like_44,2025-12-01 15:19:51
223,225,44,like,wp_223_225_like_44,2025-12-01 15:19:54
224,224,44,like,wp_224_224_like_44,2025-12-01 15:19:58
225,223,44,like,wp_225_223_like_44,2025-12-01 15:20:00
226,222,44,like,wp_226_222_like_44,2025-12-01 15:22:04
227,220,44,like,wp_227_220_like_44,2025-12-01 15:23:07
228,216,44,like,wp_228_216_like_44,2025-12-01 15:24:09
229,214,44,like,wp_229_214_like_44,2025-12-01 15:24:11
230,95,44,like,wp_230_95_like_44,2025-12-01 15:25:05
231,96,44,like,wp_231_96_like_44,2025-12-01 15:25:08
232,58,44,like,wp_232_58_like_44,2025-12-01 15:25:39
233,226,66,like,wp_233_226_like_66,2025-12-01 15:26:09
234,225,66,like,wp_234_225_like_66,2025-12-01 15:26:12
235,224,66,like,wp_235_224_like_66,2025-12-01 15:26:16
236,223,66,like,wp_236_223_like_66,2025-12-01 15:26:19
237,221,66,like,wp_237_221_like_66,2025-12-01 15:26:24
238,220,66,like,wp_238_220_like_66,2025-12-01 15:26:25
239,219,66,like,wp_239_219_like_66,2025-12-01 15:26:32
240,218,66,like,wp_240_218_like_66,2025-12-01 15:26:33
241,217,66,like,wp_241_217_like_66,2025-12-01 15:26:37
242,216,66,like,wp_242_216_like_66,2025-12-01 15:26:39
243,90,66,like,wp_243_90_like_66,2025-12-01 15:27:46
245,169,44,like,wp_245_169_like_44,2025-12-01 15:33:24
246,222,66,like,wp_246_222_like_66,2025-12-01 15:34:48
247,168,66,like,wp_247_168_like_66,2025-12-01 15:35:40
248,227,66,like,wp_248_227_like_66,2025-12-01 15:36:11
249,54,66,like,wp_249_54_like_66,2025-12-01 15:37:47
250,52,66,like,wp_250_52_like_66,2025-12-01 15:37:51
251,51,66,like,wp_251_51_like_66,2025-12-01 15:37:57
252,43,66,like,wp_252_43_like_66,2025-12-01 15:37:59
253,35,66,like,wp_253_35_like_66,2025-12-01 15:37:59
257,222,68,like,wp_257_222_like_68,2025-12-02 14:15:08
258,228,44,like,wp_258_228_like_44,2025-12-02 18:44:19
260,232,67,like,wp_260_232_like_67,2025-12-02 19:07:45
261,230,67,like,wp_261_230_like_67,2025-12-02 19:11:22
262,228,67,like,wp_262_228_like_67,2025-12-02 19:11:55
266,222,73,like,wp_266_222_like_73,2025-12-03 19:28:45
267,233,66,like,wp_267_233_like_66,2025-12-03 20:10:09
268,231,66,like,wp_268_231_like_66,2025-12-03 20:10:31
269,230,66,like,wp_269_230_like_66,2025-12-03 20:16:20
270,229,66,like,wp_270_229_like_66,2025-12-03 20:16:25
271,233,44,like,wp_271_233_like_44,2025-12-03 20:18:02
277,230,44,like,wp_277_230_like_44,2025-12-03 20:20:03
278,56,68,like,wp_278_56_like_68,2025-12-04 03:48:21
279,58,68,like,wp_279_58_like_68,2025-12-04 03:48:27
280,228,68,like,wp_280_228_like_68,2025-12-04 03:48:49
281,230,68,like,wp_281_230_like_68,2025-12-04 03:49:10
282,60,68,like,wp_282_60_like_68,2025-12-04 03:49:32
283,168,68,like,wp_283_168_like_68,2025-12-04 03:50:45
289,231,67,like,wp_289_231_like_67,2025-12-04 20:53:38
290,227,67,like,wp_290_227_like_67,2025-12-04 20:53:43
291,223,67,like,wp_291_223_like_67,2025-12-04 20:54:18
292,167,67,like,wp_292_167_like_67,2025-12-04 20:55:21
293,164,67,like,wp_293_164_like_67,2025-12-04 20:55:31
294,236,67,like,wp_294_236_like_67,2025-12-04 20:56:33
295,239,44,like,wp_295_239_like_44,2025-12-04 20:57:18
296,238,44,like,wp_296_238_like_44,2025-12-04 20:58:39
297,235,44,like,wp_297_235_like_44,2025-12-04 20:58:48
298,234,44,like,wp_298_234_like_44,2025-12-04 20:58:51
299,221,44,like,wp_299_221_like_44,2025-12-04 21:00:57
301,212,44,like,wp_301_212_like_44,2025-12-04 21:01:53
302,51,120,like,wp_302_51_like_120,2025-12-04 21:28:49
303,27,120,like,wp_303_27_like_120,2025-12-04 21:33:43
304,230,120,like,wp_304_230_like_120,2025-12-04 21:34:15
308,238,68,like,wp_308_238_like_68,2025-12-05 02:15:57
311,249,123,like,wp_311_249_like_123,2025-12-05 20:26:18
314,230,125,like,wp_314_230_like_125,2025-12-05 20:43:06
315,60,125,like,wp_315_60_like_125,2025-12-05 20:44:27
316,59,125,like,wp_316_59_like_125,2025-12-05 20:44:33
317,55,125,like,wp_317_55_like_125,2025-12-05 20:44:44
318,53,125,like,wp_318_53_like_125,2025-12-05 20:44:49
319,221,125,like,wp_319_221_like_125,2025-12-05 20:45:13
321,212,125,like,wp_321_212_like_125,2025-12-05 20:45:33
322,250,123,like,wp_322_250_like_123,2025-12-05 21:20:36
323,250,123,bookmark,wp_323_250_bookmark_123,2025-12-05 21:20:47
324,217,123,like,wp_324_217_like_123,2025-12-05 21:22:01
325,223,123,like,wp_325_223_like_123,2025-12-05 21:25:35
327,156,125,like,wp_327_156_like_125,2025-12-05 21:32:30
330,140,125,like,wp_330_140_like_125,2025-12-05 21:34:50
331,95,125,like,wp_331_95_like_125,2025-12-05 21:35:14
332,252,129,like,wp_332_252_like_129,2025-12-06 00:09:32
333,250,129,like,wp_333_250_like_129,2025-12-06 00:12:06
334,254,130,like,wp_334_254_like_130,2025-12-06 00:35:51
335,253,130,like,wp_335_253_like_130,2025-12-06 00:35:52
336,252,130,like,wp_336_252_like_130,2025-12-06 00:35:53
337,250,130,like,wp_337_250_like_130,2025-12-06 00:59:00
338,249,130,like,wp_338_249_like_130,2025-12-06 00:59:03
340,60,131,like,wp_340_60_like_131,2025-12-06 06:00:54
341,257,123,like,wp_341_257_like_123,2025-12-06 06:33:02
343,260,68,like,wp_343_260_like_68,2025-12-06 12:53:41
344,240,68,like,wp_344_240_like_68,2025-12-06 13:05:45
345,257,68,like,wp_345_257_like_68,2025-12-06 13:05:52
346,256,68,like,wp_346_256_like_68,2025-12-06 13:05:56
350,254,111,like,wp_350_254_like_111,2025-12-06 15:04:28
351,253,111,like,wp_351_253_like_111,2025-12-06 15:04:34
352,252,111,like,wp_352_252_like_111,2025-12-06 15:04:39
353,251,111,like,wp_353_251_like_111,2025-12-06 15:04:49
354,250,111,like,wp_354_250_like_111,2025-12-06 15:04:56
355,249,111,like,wp_355_249_like_111,2025-12-06 15:05:05
356,241,111,like,wp_356_241_like_111,2025-12-06 15:05:52
357,259,38,like,wp_357_259_like_38,2025-12-06 16:33:11
358,253,38,like,wp_358_253_like_38,2025-12-06 16:33:12
359,250,38,like,wp_359_250_like_38,2025-12-06 16:33:15
360,241,38,like,wp_360_241_like_38,2025-12-06 16:33:21
361,260,38,like,wp_361_260_like_38,2025-12-06 16:33:56
362,169,38,like,wp_362_169_like_38,2025-12-06 16:34:00
363,62,38,like,wp_363_62_like_38,2025-12-06 16:34:02
364,27,111,like,wp_364_27_like_111,2025-12-06 17:39:04
368,253,126,like,wp_368_253_like_126,2025-12-08 03:30:25
371,271,44,like,wp_371_271_like_44,2025-12-08 12:13:06
372,270,44,like,wp_372_270_like_44,2025-12-08 12:17:35
373,269,44,like,wp_373_269_like_44,2025-12-08 12:20:23
374,271,66,like,wp_374_271_like_66,2025-12-08 12:22:03
375,270,66,like,wp_375_270_like_66,2025-12-08 12:22:11
376,269,66,like,wp_376_269_like_66,2025-12-08 12:23:48
377,267,66,like,wp_377_267_like_66,2025-12-08 12:24:57
378,266,66,like,wp_378_266_like_66,2025-12-08 12:24:59
379,265,66,like,wp_379_265_like_66,2025-12-08 12:25:01
380,262,66,like,wp_380_262_like_66,2025-12-08 12:25:04
382,268,44,like,wp_382_268_like_44,2025-12-08 12:25:26
383,267,44,like,wp_383_267_like_44,2025-12-08 12:25:30
384,259,66,like,wp_384_259_like_66,2025-12-08 12:25:35
385,258,66,like,wp_385_258_like_66,2025-12-08 12:25:36
386,257,66,like,wp_386_257_like_66,2025-12-08 12:25:38
387,265,44,like,wp_387_265_like_44,2025-12-08 12:25:58
388,264,44,like,wp_388_264_like_44,2025-12-08 12:26:03
389,263,44,like,wp_389_263_like_44,2025-12-08 12:26:08
390,256,66,like,wp_390_256_like_66,2025-12-08 12:26:16
391,255,66,like,wp_391_255_like_66,2025-12-08 12:26:19
392,254,66,like,wp_392_254_like_66,2025-12-08 12:26:21
393,253,66,like,wp_393_253_like_66,2025-12-08 12:26:22
394,262,44,like,wp_394_262_like_44,2025-12-08 12:26:40
395,252,66,like,wp_395_252_like_66,2025-12-08 12:27:22
396,258,44,like,wp_396_258_like_44,2025-12-08 12:27:37
397,250,66,like,wp_397_250_like_66,2025-12-08 12:27:46
398,242,66,like,wp_398_242_like_66,2025-12-08 12:27:52
399,241,66,like,wp_399_241_like_66,2025-12-08 12:27:54
400,240,66,like,wp_400_240_like_66,2025-12-08 12:28:03
401,239,66,like,wp_401_239_like_66,2025-12-08 12:28:17
402,237,66,like,wp_402_237_like_66,2025-12-08 12:29:33
404,261,44,like,wp_404_261_like_44,2025-12-08 12:36:40
405,252,44,like,wp_405_252_like_44,2025-12-08 12:36:51
407,254,44,like,wp_407_254_like_44,2025-12-08 12:39:33
408,236,44,like,wp_408_236_like_44,2025-12-08 12:41:08
410,276,67,like,wp_410_276_like_67,2025-12-08 12:45:31
411,276,66,like,wp_411_276_like_66,2025-12-08 12:45:50
412,254,67,like,wp_412_254_like_67,2025-12-08 12:46:46
413,277,67,like,wp_413_277_like_67,2025-12-08 12:46:53
414,275,67,like,wp_414_275_like_67,2025-12-08 12:48:49
416,274,67,like,wp_416_274_like_67,2025-12-08 12:49:05
417,273,67,like,wp_417_273_like_67,2025-12-08 12:50:03
418,272,67,like,wp_418_272_like_67,2025-12-08 12:50:52
422,277,125,like,wp_422_277_like_125,2025-12-08 13:44:31
423,275,125,like,wp_423_275_like_125,2025-12-08 13:44:45
424,274,125,like,wp_424_274_like_125,2025-12-08 13:44:56
425,270,125,like,wp_425_270_like_125,2025-12-08 13:45:55
426,269,125,like,wp_426_269_like_125,2025-12-08 13:46:05
429,277,38,like,wp_429_277_like_38,2025-12-08 17:03:19
430,276,38,like,wp_430_276_like_38,2025-12-08 17:03:22
431,276,127,like,wp_431_276_like_127,2025-12-09 00:23:21
432,277,127,like,wp_432_277_like_127,2025-12-09 00:23:26
433,250,127,like,wp_433_250_like_127,2025-12-09 00:23:43
434,274,127,like,wp_434_274_like_127,2025-12-09 00:29:36
436,258,127,like,wp_436_258_like_127,2025-12-09 02:10:50
438,280,66,like,wp_438_280_like_66,2025-12-09 19:10:25
439,278,66,like,wp_439_278_like_66,2025-12-09 19:11:44
440,274,66,like,wp_440_274_like_66,2025-12-09 19:13:02
441,279,66,like,wp_441_279_like_66,2025-12-09 19:13:15
442,282,44,like,wp_442_282_like_44,2025-12-09 20:17:09
443,280,44,like,wp_443_280_like_44,2025-12-09 20:23:21
444,278,44,like,wp_444_278_like_44,2025-12-09 20:27:57
445,277,44,like,wp_445_277_like_44,2025-12-09 20:28:13
448,275,44,like,wp_448_275_like_44,2025-12-09 20:32:00
452,283,67,like,wp_452_283_like_67,2025-12-09 20:39:03
453,282,67,like,wp_453_282_like_67,2025-12-09 20:40:12
455,283,66,like,wp_455_283_like_66,2025-12-10 21:22:34
457,290,66,like,wp_457_290_like_66,2025-12-10 21:31:19
463,295,136,like,wp_463_295_like_136,2025-12-11 23:55:54
464,296,136,like,wp_464_296_like_136,2025-12-12 00:00:52
465,296,44,like,wp_465_296_like_44,2025-12-12 02:03:28
466,293,44,like,wp_466_293_like_44,2025-12-12 02:05:09
467,292,44,like,wp_467_292_like_44,2025-12-12 02:06:04
468,291,44,like,wp_468_291_like_44,2025-12-12 02:07:35
469,293,67,like,wp_469_293_like_67,2025-12-12 02:08:25
471,297,67,like,wp_471_297_like_67,2025-12-12 02:10:13
472,297,66,like,wp_472_297_like_66,2025-12-12 02:10:38
473,296,66,like,wp_473_296_like_66,2025-12-12 02:10:49
474,295,66,like,wp_474_295_like_66,2025-12-12 02:11:44
475,294,66,like,wp_475_294_like_66,2025-12-12 02:11:46
476,288,66,like,wp_476_288_like_66,2025-12-12 02:11:52
477,287,66,like,wp_477_287_like_66,2025-12-12 02:11:54
478,298,66,like,wp_478_298_like_66,2025-12-12 02:12:45
479,291,66,like,wp_479_291_like_66,2025-12-12 02:12:51
482,296,68,like,wp_482_296_like_68,2025-12-12 06:53:40
485,297,68,like,wp_485_297_like_68,2025-12-12 06:54:25
486,293,68,like,wp_486_293_like_68,2025-12-12 06:54:44
490,292,68,like,wp_490_292_like_68,2025-12-12 06:55:14
492,295,68,like,wp_492_295_like_68,2025-12-12 06:55:46
494,271,68,like,wp_494_271_like_68,2025-12-12 06:56:02
495,294,68,like,wp_495_294_like_68,2025-12-12 06:56:24
496,290,68,like,wp_496_290_like_68,2025-12-12 06:56:42
497,284,68,like,wp_497_284_like_68,2025-12-12 06:57:07
499,283,68,like,wp_499_283_like_68,2025-12-12 06:57:22
502,298,68,like,wp_502_298_like_68,2025-12-12 06:57:51
504,291,68,like,wp_504_291_like_68,2025-12-12 06:58:57
507,296,127,like,wp_507_296_like_127,2025-12-12 20:19:53
508,259,127,like,wp_508_259_like_127,2025-12-12 20:20:46
509,289,68,like,wp_509_289_like_68,2025-12-13 13:33:03
510,288,68,like,wp_510_288_like_68,2025-12-13 13:33:06
511,254,68,like,wp_511_254_like_68,2025-12-13 13:33:10
512,287,68,like,wp_512_287_like_68,2025-12-13 13:33:14
513,286,68,like,wp_513_286_like_68,2025-12-13 13:33:15
514,285,68,like,wp_514_285_like_68,2025-12-13 13:33:16
515,275,68,like,wp_515_275_like_68,2025-12-13 13:39:31
516,285,111,like,wp_516_285_like_111,2025-12-13 13:45:07
517,300,111,like,wp_517_300_like_111,2025-12-13 13:45:08
518,299,111,like,wp_518_299_like_111,2025-12-13 13:45:09
519,298,111,like,wp_519_298_like_111,2025-12-13 13:45:12
520,296,111,like,wp_520_296_like_111,2025-12-13 13:45:13
521,297,111,like,wp_521_297_like_111,2025-12-13 13:45:13
522,293,111,like,wp_522_293_like_111,2025-12-13 13:45:17
523,292,111,like,wp_523_292_like_111,2025-12-13 13:45:18
524,295,111,like,wp_524_295_like_111,2025-12-13 13:45:18
525,271,111,like,wp_525_271_like_111,2025-12-13 13:45:19
526,294,111,like,wp_526_294_like_111,2025-12-13 13:45:20
527,290,111,like,wp_527_290_like_111,2025-12-13 13:45:21
528,284,111,like,wp_528_284_like_111,2025-12-13 13:45:23
529,283,111,like,wp_529_283_like_111,2025-12-13 13:45:24
530,291,111,like,wp_530_291_like_111,2025-12-13 13:45:25
531,288,111,like,wp_531_288_like_111,2025-12-13 13:45:36
532,289,111,like,wp_532_289_like_111,2025-12-13 13:45:46
533,287,111,like,wp_533_287_like_111,2025-12-13 13:45:48
534,282,111,like,wp_534_282_like_111,2025-12-13 13:45:49
535,275,111,like,wp_535_275_like_111,2025-12-13 13:45:50
536,277,111,like,wp_536_277_like_111,2025-12-13 13:45:51
537,278,111,like,wp_537_278_like_111,2025-12-13 13:45:52
538,280,111,like,wp_538_280_like_111,2025-12-13 13:47:15
539,281,111,like,wp_539_281_like_111,2025-12-13 13:47:17
540,272,111,like,wp_540_272_like_111,2025-12-13 13:47:17
541,274,111,like,wp_541_274_like_111,2025-12-13 13:47:18
542,279,111,like,wp_542_279_like_111,2025-12-13 13:47:18
543,305,66,like,wp_543_305_like_66,2025-12-15 14:51:19
544,304,66,like,wp_544_304_like_66,2025-12-15 14:51:21
547,301,66,like,wp_547_301_like_66,2025-12-15 14:51:43
548,306,111,like,wp_548_306_like_111,2025-12-15 15:32:32
549,306,44,like,wp_549_306_like_44,2025-12-15 16:04:26
550,304,67,like,wp_550_304_like_67,2025-12-15 16:07:21
551,308,111,like,wp_551_308_like_111,2025-12-15 16:22:36
553,307,66,like,wp_553_307_like_66,2025-12-15 17:57:50
555,309,111,like,wp_555_309_like_111,2025-12-15 20:29:20
557,259,111,like,wp_557_259_like_111,2025-12-15 20:35:21
558,220,111,like,wp_558_220_like_111,2025-12-15 20:35:51
559,310,111,like,wp_559_310_like_111,2025-12-15 22:29:54
560,305,111,like,wp_560_305_like_111,2025-12-16 01:37:15
561,299,68,like,wp_561_299_like_68,2025-12-16 11:09:49
562,300,68,like,wp_562_300_like_68,2025-12-16 11:09:50
563,301,68,like,wp_563_301_like_68,2025-12-16 11:09:51
564,302,68,like,wp_564_302_like_68,2025-12-16 11:09:52
565,303,68,like,wp_565_303_like_68,2025-12-16 11:09:53
566,310,68,like,wp_566_310_like_68,2025-12-16 11:10:00
567,309,68,like,wp_567_309_like_68,2025-12-16 11:10:07
568,308,68,like,wp_568_308_like_68,2025-12-16 11:10:08
569,307,68,like,wp_569_307_like_68,2025-12-16 11:10:09
570,306,68,like,wp_570_306_like_68,2025-12-16 11:10:10
571,304,68,like,wp_571_304_like_68,2025-12-16 11:10:12
572,305,68,like,wp_572_305_like_68,2025-12-16 11:10:14
573,304,127,like,wp_573_304_like_127,2025-12-17 20:04:12
574,310,44,like,wp_574_310_like_44,2025-12-17 21:53:47
575,299,44,like,wp_575_299_like_44,2025-12-17 21:54:10
576,311,66,like,wp_576_311_like_66,2025-12-17 21:55:52
577,272,66,like,wp_577_272_like_66,2025-12-17 21:56:51
578,310,66,like,wp_578_310_like_66,2025-12-17 21:57:01
579,299,66,like,wp_579_299_like_66,2025-12-17 21:57:04
580,314,44,like,wp_580_314_like_44,2025-12-18 07:41:36
581,314,67,like,wp_581_314_like_67,2025-12-18 07:41:56
582,313,67,like,wp_582_313_like_67,2025-12-18 07:42:07
583,311,67,like,wp_583_311_like_67,2025-12-18 07:42:31
584,310,67,like,wp_584_310_like_67,2025-12-18 07:42:34
585,309,67,like,wp_585_309_like_67,2025-12-18 07:42:36
586,308,67,like,wp_586_308_like_67,2025-12-18 07:42:38
587,315,44,like,wp_587_315_like_44,2025-12-18 07:46:21
588,315,111,like,wp_588_315_like_111,2025-12-18 10:56:49
589,313,111,like,wp_589_313_like_111,2025-12-18 11:31:07
590,315,66,like,wp_590_315_like_66,2025-12-18 20:43:12
591,311,68,like,wp_591_311_like_68,2025-12-18 21:35:42
592,313,68,like,wp_592_313_like_68,2025-12-18 21:35:43
593,314,68,like,wp_593_314_like_68,2025-12-18 21:35:44
594,315,68,like,wp_594_315_like_68,2025-12-18 21:35:48
595,317,44,like,wp_595_317_like_44,2025-12-19 14:11:12
596,310,88,like,wp_596_310_like_88,2025-12-20 00:44:32
597,322,68,like,wp_597_322_like_68,2025-12-21 12:18:22
598,323,67,like,wp_598_323_like_67,2025-12-22 17:55:17
599,322,67,like,wp_599_322_like_67,2025-12-22 17:55:28
600,321,67,like,wp_600_321_like_67,2025-12-22 17:55:31
602,307,67,like,wp_602_307_like_67,2025-12-22 17:56:43
603,305,67,like,wp_603_305_like_67,2025-12-22 17:56:49
604,310,114,like,wp_604_310_like_114,2025-12-22 20:44:44
606,323,99,like,wp_606_323_like_99,2025-12-22 21:58:59
607,318,99,like,wp_607_318_like_99,2025-12-22 22:01:06
608,310,99,like,wp_608_310_like_99,2025-12-22 22:02:09
609,302,99,like,wp_609_302_like_99,2025-12-22 22:05:15
611,324,66,like,wp_611_324_like_66,2025-12-23 00:47:50
612,323,66,like,wp_612_323_like_66,2025-12-23 00:48:27
613,322,66,like,wp_613_322_like_66,2025-12-23 00:48:31
614,321,66,like,wp_614_321_like_66,2025-12-23 00:48:33
615,320,66,like,wp_615_320_like_66,2025-12-23 00:48:35
616,319,66,like,wp_616_319_like_66,2025-12-23 00:51:21
617,316,66,like,wp_617_316_like_66,2025-12-23 00:53:19
618,326,68,like,wp_618_326_like_68,2025-12-23 05:36:12
622,305,35,like,wp_622_305_like_35,2025-12-23 17:20:22
623,327,44,like,wp_623_327_like_44,2025-12-23 18:33:57
625,329,44,like,wp_625_329_like_44,2025-12-23 18:34:43
626,328,44,like,wp_626_328_like_44,2025-12-23 18:35:54
627,325,44,like,wp_627_325_like_44,2025-12-23 18:36:38
628,324,44,like,wp_628_324_like_44,2025-12-23 18:36:40
629,330,67,like,wp_629_330_like_67,2025-12-23 18:39:23
630,327,67,like,wp_630_327_like_67,2025-12-23 18:39:51
631,332,44,like,wp_631_332_like_44,2025-12-23 18:41:44
632,331,44,like,wp_632_331_like_44,2025-12-23 18:42:22
633,332,66,like,wp_633_332_like_66,2025-12-23 18:47:56
634,331,66,like,wp_634_331_like_66,2025-12-23 18:52:10
636,327,111,like,wp_636_327_like_111,2025-12-24 00:35:25
638,338,66,like,wp_638_338_like_66,2025-12-26 17:06:04
639,341,66,like,wp_639_341_like_66,2025-12-26 17:07:17
640,342,68,like,wp_640_342_like_68,2025-12-28 01:39:20
641,342,111,like,wp_641_342_like_111,2025-12-28 01:50:05
642,341,111,like,wp_642_341_like_111,2025-12-28 01:50:15
643,342,127,like,wp_643_342_like_127,2025-12-29 20:22:30
644,296,38,like,wp_644_296_like_38,2025-12-29 21:52:42
645,280,38,like,wp_645_280_like_38,2025-12-29 21:52:44
647,271,38,like,wp_647_271_like_38,2025-12-29 21:53:18
648,347,66,like,wp_648_347_like_66,2025-12-29 22:14:04
649,348,150,like,wp_649_348_like_150,2025-12-29 22:49:47
650,352,44,like,wp_650_352_like_44,2025-12-29 23:50:08
651,351,44,like,wp_651_351_like_44,2025-12-29 23:50:43
652,350,44,like,wp_652_350_like_44,2025-12-29 23:51:00
653,349,44,like,wp_653_349_like_44,2025-12-29 23:51:03
654,348,44,like,wp_654_348_like_44,2025-12-29 23:51:05
655,347,44,like,wp_655_347_like_44,2025-12-29 23:51:07
656,345,44,like,wp_656_345_like_44,2025-12-29 23:51:11
657,343,44,like,wp_657_343_like_44,2025-12-29 23:51:19
658,342,44,like,wp_658_342_like_44,2025-12-29 23:51:23
659,340,44,like,wp_659_340_like_44,2025-12-29 23:51:34
660,334,44,like,wp_660_334_like_44,2025-12-29 23:55:15
661,266,44,like,wp_661_266_like_44,2025-12-29 23:55:24
662,338,44,like,wp_662_338_like_44,2025-12-29 23:58:54
664,358,111,like,wp_664_358_like_111,2025-12-30 21:53:07
665,53,152,like,wp_665_53_like_152,2025-12-31 04:39:55
666,358,152,like,wp_666_358_like_152,2025-12-31 04:40:17
667,315,35,like,wp_667_315_like_35,2026-01-01 20:53:53
668,364,68,like,wp_668_364_like_68,2026-01-04 02:42:26
669,363,68,like,wp_669_363_like_68,2026-01-04 03:01:27
670,347,159,like,wp_670_347_like_159,2026-01-04 04:09:52
671,345,159,like,wp_671_345_like_159,2026-01-04 04:10:23
672,374,159,like,wp_672_374_like_159,2026-01-04 04:21:43
674,364,159,like,wp_674_364_like_159,2026-01-04 15:16:25
677,377,66,like,wp_677_377_like_66,2026-01-05 19:23:19
678,376,66,like,wp_678_376_like_66,2026-01-05 19:23:20
679,363,66,like,wp_679_363_like_66,2026-01-05 19:28:50
680,352,66,like,wp_680_352_like_66,2026-01-05 19:28:55
681,364,66,like,wp_681_364_like_66,2026-01-05 19:30:14
682,361,66,like,wp_682_361_like_66,2026-01-05 19:30:18
687,379,111,like,wp_687_379_like_111,2026-01-05 21:38:08
689,379,44,like,wp_689_379_like_44,2026-01-06 06:54:02
690,378,44,like,wp_690_378_like_44,2026-01-06 06:54:08
691,377,44,like,wp_691_377_like_44,2026-01-06 06:54:10
692,376,44,like,wp_692_376_like_44,2026-01-06 06:54:12
693,375,44,like,wp_693_375_like_44,2026-01-06 06:54:16
694,384,156,bookmark,wp_694_384_bookmark_156,2026-01-06 13:04:43
695,384,156,like,wp_695_384_like_156,2026-01-06 13:04:46
697,388,111,like,wp_697_388_like_111,2026-01-07 16:43:09
698,389,66,like,wp_698_389_like_66,2026-01-07 20:29:52
699,388,66,like,wp_699_388_like_66,2026-01-07 20:29:54
700,387,66,like,wp_700_387_like_66,2026-01-07 20:30:01
701,386,66,like,wp_701_386_like_66,2026-01-07 20:30:03
702,391,111,like,wp_702_391_like_111,2026-01-07 21:29:27
703,395,44,like,wp_703_395_like_44,2026-01-09 12:32:53
704,394,44,like,wp_704_394_like_44,2026-01-09 12:32:55
705,393,44,like,wp_705_393_like_44,2026-01-09 12:32:59
706,392,44,like,wp_706_392_like_44,2026-01-09 12:33:04
707,391,44,like,wp_707_391_like_44,2026-01-09 12:34:42
708,364,44,like,wp_708_364_like_44,2026-01-09 12:42:44
709,399,67,like,wp_709_399_like_67,2026-01-09 12:43:32
710,398,67,like,wp_710_398_like_67,2026-01-09 12:43:44
711,397,67,like,wp_711_397_like_67,2026-01-09 12:43:46
712,393,67,like,wp_712_393_like_67,2026-01-09 12:48:42
713,392,67,like,wp_713_392_like_67,2026-01-09 12:48:44
714,387,67,like,wp_714_387_like_67,2026-01-09 12:49:30
715,384,67,like,wp_715_384_like_67,2026-01-09 12:49:32
716,376,67,like,wp_716_376_like_67,2026-01-09 12:49:35
717,363,67,like,wp_717_363_like_67,2026-01-09 12:49:38
718,352,67,like,wp_718_352_like_67,2026-01-09 12:49:39
720,392,111,like,wp_720_392_like_111,2026-01-10 21:25:19
722,396,111,like,wp_722_396_like_111,2026-01-12 01:59:00
723,397,111,like,wp_723_397_like_111,2026-01-12 01:59:03
724,398,111,like,wp_724_398_like_111,2026-01-12 01:59:04
725,399,111,like,wp_725_399_like_111,2026-01-12 01:59:05
726,400,111,like,wp_726_400_like_111,2026-01-12 01:59:06
727,401,111,like,wp_727_401_like_111,2026-01-12 01:59:08
728,402,111,like,wp_728_402_like_111,2026-01-12 01:59:09
729,403,111,like,wp_729_403_like_111,2026-01-12 01:59:10
730,400,44,like,wp_730_400_like_44,2026-01-12 14:12:37
731,405,66,like,wp_731_405_like_66,2026-01-12 18:59:02
733,382,66,like,wp_733_382_like_66,2026-01-12 18:59:35
734,404,111,like,wp_734_404_like_111,2026-01-12 23:10:33
735,405,111,like,wp_735_405_like_111,2026-01-12 23:10:34
736,406,111,like,wp_736_406_like_111,2026-01-12 23:10:35
737,407,111,like,wp_737_407_like_111,2026-01-12 23:10:47
738,408,66,like,wp_738_408_like_66,2026-01-14 17:12:15
739,399,66,like,wp_739_399_like_66,2026-01-14 17:12:20
740,394,66,like,wp_740_394_like_66,2026-01-14 17:12:22
741,381,66,like,wp_741_381_like_66,2026-01-14 17:12:24
742,409,66,like,wp_742_409_like_66,2026-01-14 17:12:28
743,415,44,like,wp_743_415_like_44,2026-01-15 23:34:26
744,414,44,like,wp_744_414_like_44,2026-01-15 23:34:27
745,413,44,like,wp_745_413_like_44,2026-01-15 23:34:31
746,418,66,like,wp_746_418_like_66,2026-01-15 23:46:27
747,416,66,like,wp_747_416_like_66,2026-01-15 23:46:31
748,415,66,like,wp_748_415_like_66,2026-01-15 23:46:36
749,414,66,like,wp_749_414_like_66,2026-01-15 23:46:37
750,418,161,like,wp_750_418_like_161,2026-01-16 00:20:33
751,411,161,like,wp_751_411_like_161,2026-01-16 00:20:34
752,405,161,like,wp_752_405_like_161,2026-01-16 00:20:47
753,403,161,like,wp_753_403_like_161,2026-01-16 00:20:50
754,398,161,like,wp_754_398_like_161,2026-01-16 00:20:59
755,393,161,like,wp_755_393_like_161,2026-01-16 00:21:01
756,411,111,like,wp_756_411_like_111,2026-01-16 20:45:54
757,420,38,like,wp_757_420_like_38,2026-01-16 22:19:06
758,419,38,like,wp_758_419_like_38,2026-01-16 22:19:18
759,418,38,like,wp_759_418_like_38,2026-01-16 22:19:23
760,417,38,like,wp_760_417_like_38,2026-01-16 22:19:25
761,415,38,like,wp_761_415_like_38,2026-01-16 22:19:28
762,385,38,like,wp_762_385_like_38,2026-01-16 22:19:30
764,385,162,like,wp_764_385_like_162,2026-01-16 23:20:48
765,230,163,like,wp_765_230_like_163,2026-01-16 23:29:10
766,364,163,like,wp_766_364_like_163,2026-01-16 23:31:35
768,423,165,like,wp_768_423_like_165,2026-01-17 01:14:41
769,422,165,like,wp_769_422_like_165,2026-01-17 01:14:49
770,421,165,like,wp_770_421_like_165,2026-01-17 01:14:52
771,420,165,like,wp_771_420_like_165,2026-01-17 01:14:55
772,419,165,like,wp_772_419_like_165,2026-01-17 01:16:15
773,418,165,like,wp_773_418_like_165,2026-01-17 01:16:18
774,417,165,like,wp_774_417_like_165,2026-01-17 01:16:22
775,416,165,like,wp_775_416_like_165,2026-01-17 01:16:25
776,415,165,like,wp_776_415_like_165,2026-01-17 01:16:30
777,414,165,like,wp_777_414_like_165,2026-01-17 01:18:45
778,413,165,like,wp_778_413_like_165,2026-01-17 01:18:47
779,412,165,like,wp_779_412_like_165,2026-01-17 01:19:10
780,411,165,like,wp_780_411_like_165,2026-01-17 01:19:16
781,410,165,like,wp_781_410_like_165,2026-01-17 01:19:19
782,408,165,like,wp_782_408_like_165,2026-01-17 01:19:29
783,424,165,like,wp_783_424_like_165,2026-01-17 01:19:37
787,425,44,like,wp_787_425_like_44,2026-01-17 18:29:40
788,424,44,like,wp_788_424_like_44,2026-01-17 18:29:44
790,423,44,like,wp_790_423_like_44,2026-01-17 18:29:48
791,422,44,like,wp_791_422_like_44,2026-01-17 18:29:50
792,421,44,like,wp_792_421_like_44,2026-01-17 18:29:51
793,420,44,like,wp_793_420_like_44,2026-01-17 18:29:53
794,419,44,like,wp_794_419_like_44,2026-01-17 18:29:56
795,418,44,like,wp_795_418_like_44,2026-01-17 18:30:00
796,417,44,like,wp_796_417_like_44,2026-01-17 18:30:04
797,416,44,like,wp_797_416_like_44,2026-01-17 18:30:05
798,430,67,like,wp_798_430_like_67,2026-01-17 18:40:33
799,420,67,like,wp_799_420_like_67,2026-01-17 18:40:35
800,418,67,like,wp_800_418_like_67,2026-01-17 18:40:37
801,411,67,like,wp_801_411_like_67,2026-01-17 18:40:39
802,405,67,like,wp_802_405_like_67,2026-01-17 18:40:41
804,266,167,like,wp_804_266_like_167,2026-01-18 19:18:09
805,421,167,like,wp_805_421_like_167,2026-01-18 19:21:44
806,385,167,like,wp_806_385_like_167,2026-01-18 19:21:46
807,353,167,like,wp_807_353_like_167,2026-01-18 19:21:48
808,271,167,like,wp_808_271_like_167,2026-01-18 19:21:50
809,296,167,like,wp_809_296_like_167,2026-01-18 19:21:53
810,433,167,bookmark,wp_810_433_bookmark_167,2026-01-18 19:26:57
811,434,168,like,wp_811_434_like_168,2026-01-19 16:40:12
812,430,168,like,wp_812_430_like_168,2026-01-19 16:43:03
813,428,168,like,wp_813_428_like_168,2026-01-19 16:43:19
815,434,68,like,wp_815_434_like_68,2026-01-19 16:52:56
816,425,68,like,wp_816_425_like_68,2026-01-19 16:55:14
817,388,168,like,wp_817_388_like_168,2026-01-19 16:56:45
818,435,169,like,wp_818_435_like_169,2026-01-19 17:01:54
819,421,170,like,wp_819_421_like_170,2026-01-19 17:14:18
820,424,170,like,wp_820_424_like_170,2026-01-19 17:18:13
822,439,68,like,wp_822_439_like_68,2026-01-19 19:13:30
823,439,38,like,wp_823_439_like_38,2026-01-19 19:17:56
824,437,38,like,wp_824_437_like_38,2026-01-19 19:17:58
825,436,38,like,wp_825_436_like_38,2026-01-19 19:18:00
826,435,38,like,wp_826_435_like_38,2026-01-19 19:18:02
827,434,38,like,wp_827_434_like_38,2026-01-19 19:18:05
828,433,38,like,wp_828_433_like_38,2026-01-19 19:18:06
829,432,38,like,wp_829_432_like_38,2026-01-19 19:18:08
830,439,172,like,wp_830_439_like_172,2026-01-19 19:43:17
831,437,172,like,wp_831_437_like_172,2026-01-19 19:43:44
832,436,172,like,wp_832_436_like_172,2026-01-19 19:43:49
833,440,172,like,wp_833_440_like_172,2026-01-19 20:07:34
834,430,172,like,wp_834_430_like_172,2026-01-19 20:07:37
839,441,111,like,wp_839_441_like_111,2026-01-20 01:55:05
840,230,173,like,wp_840_230_like_173,2026-01-20 02:08:11
842,437,175,like,wp_842_437_like_175,2026-01-20 02:26:42
843,439,175,like,wp_843_439_like_175,2026-01-20 02:26:43
845,228,173,like,wp_845_228_like_173,2026-01-20 02:38:55
846,426,177,like,wp_846_426_like_177,2026-01-20 04:24:47
847,441,179,like,wp_847_441_like_179,2026-01-20 04:53:36
848,444,179,like,wp_848_444_like_179,2026-01-20 04:55:33
849,446,179,like,wp_849_446_like_179,2026-01-20 05:00:32
850,447,179,like,wp_850_447_like_179,2026-01-20 05:01:54
851,447,178,like,wp_851_447_like_178,2026-01-20 05:18:48
852,446,178,like,wp_852_446_like_178,2026-01-20 05:18:51
853,350,179,like,wp_853_350_like_179,2026-01-20 05:19:29
854,445,179,like,wp_854_445_like_179,2026-01-20 05:19:39
855,334,179,bookmark,wp_855_334_bookmark_179,2026-01-20 05:20:35
856,334,179,like,wp_856_334_like_179,2026-01-20 05:20:39
857,448,44,like,wp_857_448_like_44,2026-01-20 11:14:52
858,447,44,like,wp_858_447_like_44,2026-01-20 11:17:05
859,446,44,like,wp_859_446_like_44,2026-01-20 11:17:37
860,445,44,like,wp_860_445_like_44,2026-01-20 11:17:39
861,444,44,like,wp_861_444_like_44,2026-01-20 11:17:43
862,443,44,like,wp_862_443_like_44,2026-01-20 11:17:46
863,441,44,like,wp_863_441_like_44,2026-01-20 11:17:48
864,440,44,like,wp_864_440_like_44,2026-01-20 11:17:54
865,439,44,like,wp_865_439_like_44,2026-01-20 11:17:55
866,437,44,like,wp_866_437_like_44,2026-01-20 11:17:57
867,436,44,like,wp_867_436_like_44,2026-01-20 11:17:59
868,435,44,like,wp_868_435_like_44,2026-01-20 11:18:02
869,433,44,like,wp_869_433_like_44,2026-01-20 11:18:21
870,432,44,like,wp_870_432_like_44,2026-01-20 11:18:29
871,431,44,like,wp_871_431_like_44,2026-01-20 11:18:35
872,452,111,like,wp_872_452_like_111,2026-01-20 13:23:13
873,443,68,like,wp_873_443_like_68,2026-01-20 19:17:29
874,448,180,like,wp_874_448_like_180,2026-01-20 19:30:48
875,453,68,like,wp_875_453_like_68,2026-01-20 20:06:03
876,456,44,like,wp_876_456_like_44,2026-01-21 04:33:50
877,455,44,like,wp_877_455_like_44,2026-01-21 04:33:52
878,454,44,like,wp_878_454_like_44,2026-01-21 04:33:53
879,453,44,like,wp_879_453_like_44,2026-01-21 04:33:57
880,460,66,like,wp_880_460_like_66,2026-01-21 06:48:37
881,459,66,like,wp_881_459_like_66,2026-01-21 06:48:39
882,458,66,like,wp_882_458_like_66,2026-01-21 06:48:42
883,456,66,like,wp_883_456_like_66,2026-01-21 06:48:43
884,455,66,like,wp_884_455_like_66,2026-01-21 06:48:45
885,454,66,like,wp_885_454_like_66,2026-01-21 06:48:46
886,453,66,like,wp_886_453_like_66,2026-01-21 06:48:48
887,462,111,like,wp_887_462_like_111,2026-01-21 17:27:33
888,461,111,like,wp_888_461_like_111,2026-01-21 17:27:45
890,462,178,like,wp_890_462_like_178,2026-01-21 17:57:37
891,462,182,like,wp_891_462_like_182,2026-01-21 20:46:32
892,460,111,like,wp_892_460_like_111,2026-01-22 12:36:17
893,459,111,like,wp_893_459_like_111,2026-01-22 12:36:27
894,453,111,like,wp_894_453_like_111,2026-01-22 12:37:34
895,465,68,like,wp_895_465_like_68,2026-01-22 21:51:49
896,465,111,like,wp_896_465_like_111,2026-01-22 21:53:22
897,453,127,like,wp_897_453_like_127,2026-01-22 23:37:16
898,437,127,like,wp_898_437_like_127,2026-01-22 23:38:00
899,466,66,like,wp_899_466_like_66,2026-01-26 12:51:21
900,467,66,like,wp_900_467_like_66,2026-01-26 12:54:22
901,451,66,like,wp_901_451_like_66,2026-01-26 12:54:24
902,445,66,like,wp_902_445_like_66,2026-01-26 12:54:25
903,433,66,like,wp_903_433_like_66,2026-01-26 12:54:26
904,473,185,like,wp_904_473_like_185,2026-01-26 23:37:58
905,464,186,like,wp_905_464_like_186,2026-01-27 09:23:08
906,466,186,like,wp_906_466_like_186,2026-01-27 09:23:10
907,427,186,like,wp_907_427_like_186,2026-01-27 09:23:14
908,474,68,like,wp_908_474_like_68,2026-01-27 20:54:57
909,479,68,like,wp_909_479_like_68,2026-01-28 20:17:33
911,362,111,like,wp_911_362_like_111,2026-01-29 00:48:45
912,421,68,like,wp_912_421_like_68,2026-01-29 01:15:11
913,343,68,like,wp_913_343_like_68,2026-01-29 01:15:22
914,353,68,like,wp_914_353_like_68,2026-01-29 01:15:24
916,479,181,like,wp_916_479_like_181,2026-01-29 09:56:44
917,478,181,like,wp_917_478_like_181,2026-01-29 09:56:51
918,477,181,like,wp_918_477_like_181,2026-01-29 09:57:18
919,451,191,like,wp_919_451_like_191,2026-01-30 21:27:58
920,416,191,like,wp_920_416_like_191,2026-01-30 21:28:19
921,404,191,like,wp_921_404_like_191,2026-01-30 21:28:27
922,386,191,like,wp_922_386_like_191,2026-01-30 21:29:37
923,471,191,like,wp_923_471_like_191,2026-01-30 21:31:15
925,474,190,like,wp_925_474_like_190,2026-01-30 21:49:32
926,484,111,like,wp_926_484_like_111,2026-01-31 05:47:48
927,483,111,like,wp_927_483_like_111,2026-01-31 05:48:52
928,482,111,like,wp_928_482_like_111,2026-01-31 05:49:07
929,481,111,like,wp_929_481_like_111,2026-01-31 05:49:08
930,480,111,like,wp_930_480_like_111,2026-01-31 05:49:10
931,479,111,like,wp_931_479_like_111,2026-01-31 05:49:14
932,478,111,like,wp_932_478_like_111,2026-01-31 05:49:15
933,476,111,like,wp_933_476_like_111,2026-01-31 05:49:17
934,477,111,like,wp_934_477_like_111,2026-01-31 05:49:17
935,473,111,like,wp_935_473_like_111,2026-01-31 05:49:21
936,472,111,like,wp_936_472_like_111,2026-01-31 05:49:22
937,471,111,like,wp_937_471_like_111,2026-01-31 05:49:23
938,464,111,like,wp_938_464_like_111,2026-01-31 05:49:28
939,450,111,like,wp_939_450_like_111,2026-01-31 05:49:33
940,451,111,like,wp_940_451_like_111,2026-01-31 05:49:34
941,448,111,like,wp_941_448_like_111,2026-01-31 05:49:36
942,474,111,like,wp_942_474_like_111,2026-01-31 05:50:08
943,444,111,like,wp_943_444_like_111,2026-01-31 05:51:00
946,486,194,like,wp_946_486_like_194,2026-01-31 10:40:46
947,486,194,bookmark,wp_947_486_bookmark_194,2026-01-31 10:43:45
948,486,196,like,wp_948_486_like_196,2026-01-31 11:20:17
950,424,195,like,wp_950_424_like_195,2026-01-31 11:52:12
951,421,195,like,wp_951_421_like_195,2026-01-31 11:53:19
952,488,196,like,wp_952_488_like_196,2026-01-31 11:57:35
953,481,196,like,wp_953_481_like_196,2026-01-31 12:06:21
954,486,111,like,wp_954_486_like_111,2026-01-31 14:55:58
955,487,68,like,wp_955_487_like_68,2026-01-31 14:57:39
956,488,68,like,wp_956_488_like_68,2026-01-31 15:04:05
959,490,111,like,wp_959_490_like_111,2026-01-31 21:01:28
960,444,196,like,wp_960_444_like_196,2026-01-31 23:02:27
964,490,68,like,wp_964_490_like_68,2026-02-02 21:59:41
965,486,68,like,wp_965_486_like_68,2026-02-02 21:59:45
966,484,68,like,wp_966_484_like_68,2026-02-02 21:59:48
967,483,68,like,wp_967_483_like_68,2026-02-02 21:59:52
968,480,68,like,wp_968_480_like_68,2026-02-02 22:00:19
969,481,68,like,wp_969_481_like_68,2026-02-02 22:00:23
970,482,68,like,wp_970_482_like_68,2026-02-02 22:00:24
971,468,68,like,wp_971_468_like_68,2026-02-02 22:00:29
972,469,68,like,wp_972_469_like_68,2026-02-02 22:00:30
973,470,68,like,wp_973_470_like_68,2026-02-02 22:00:31
974,476,68,like,wp_974_476_like_68,2026-02-02 22:08:50
975,495,38,like,wp_975_495_like_38,2026-02-02 23:43:05
976,493,38,like,wp_976_493_like_38,2026-02-02 23:43:08
977,478,38,like,wp_977_478_like_38,2026-02-02 23:43:22
978,480,198,like,wp_978_480_like_198,2026-02-02 23:59:56
979,477,198,like,wp_979_477_like_198,2026-02-03 00:00:00
980,496,66,like,wp_980_496_like_66,2026-02-03 03:58:44
981,495,66,like,wp_981_495_like_66,2026-02-03 03:58:46
982,493,66,like,wp_982_493_like_66,2026-02-03 03:58:49
983,492,66,like,wp_983_492_like_66,2026-02-03 03:58:50
984,491,66,like,wp_984_491_like_66,2026-02-03 03:58:51
985,499,68,like,wp_985_499_like_68,2026-02-03 13:16:14
986,498,68,like,wp_986_498_like_68,2026-02-03 13:16:15
987,497,68,like,wp_987_497_like_68,2026-02-03 13:16:17
988,496,68,like,wp_988_496_like_68,2026-02-03 13:16:35
989,496,111,like,wp_989_496_like_111,2026-02-03 13:20:23
990,499,44,like,wp_990_499_like_44,2026-02-03 13:25:07
991,499,111,like,wp_991_499_like_111,2026-02-03 13:25:09
992,491,203,like,wp_992_491_like_203,2026-02-03 14:06:17
993,504,111,like,wp_993_504_like_111,2026-02-03 19:17:10
994,502,111,like,wp_994_502_like_111,2026-02-03 19:17:14
995,501,111,like,wp_995_501_like_111,2026-02-03 19:17:15
996,491,68,like,wp_996_491_like_68,2026-02-03 19:21:18
997,501,68,like,wp_997_501_like_68,2026-02-03 19:24:56
998,504,204,like,wp_998_504_like_204,2026-02-03 19:44:39
1000,507,68,like,wp_1000_507_like_68,2026-02-03 21:44:49
1001,506,68,like,wp_1001_506_like_68,2026-02-03 21:45:19
1002,505,68,like,wp_1002_505_like_68,2026-02-03 21:53:31
1003,507,111,like,wp_1003_507_like_111,2026-02-03 21:54:29
1004,505,111,like,wp_1004_505_like_111,2026-02-03 21:56:40
1005,507,35,like,wp_1005_507_like_35,2026-02-03 23:28:02
1006,508,68,like,wp_1006_508_like_68,2026-02-04 03:06:23
1007,506,208,like,wp_1007_506_like_208,2026-02-04 09:55:56
1008,510,68,like,wp_1008_510_like_68,2026-02-04 18:02:46
1010,509,190,like,wp_1010_509_like_190,2026-02-05 02:56:28
1015,511,68,like,wp_1015_511_like_68,2026-02-05 03:27:59
1016,490,66,like,wp_1016_490_like_66,2026-02-06 05:17:18
1017,480,66,like,wp_1017_480_like_66,2026-02-06 05:17:20
1018,472,66,like,wp_1018_472_like_66,2026-02-06 05:17:29
1019,476,66,like,wp_1019_476_like_66,2026-02-06 05:17:32
1020,481,66,like,wp_1020_481_like_66,2026-02-06 05:17:34
1021,485,66,like,wp_1021_485_like_66,2026-02-06 05:17:36
1022,511,66,like,wp_1022_511_like_66,2026-02-06 05:17:44
1024,508,66,like,wp_1024_508_like_66,2026-02-06 05:17:57
1025,515,68,like,wp_1025_515_like_68,2026-02-06 16:35:30
1026,514,68,like,wp_1026_514_like_68,2026-02-06 16:35:53
1027,513,68,like,wp_1027_513_like_68,2026-02-06 16:36:03
1029,444,68,like,wp_1029_444_like_68,2026-02-06 16:38:25
1030,441,68,like,wp_1030_441_like_68,2026-02-06 16:38:31
1031,437,68,like,wp_1031_437_like_68,2026-02-06 16:38:42
1032,436,68,like,wp_1032_436_like_68,2026-02-06 16:38:48
1033,510,35,like,wp_1033_510_like_35,2026-02-07 19:54:14
1035,505,35,like,wp_1035_505_like_35,2026-02-07 19:55:33
1037,508,208,like,wp_1037_508_like_208,2026-02-09 08:05:25
1038,511,208,like,wp_1038_511_like_208,2026-02-09 08:05:28
1039,502,208,like,wp_1039_502_like_208,2026-02-09 08:05:58
1040,491,208,like,wp_1040_491_like_208,2026-02-09 08:09:41
1042,517,44,like,wp_1042_517_like_44,2026-02-09 19:41:36
1043,508,44,like,wp_1043_508_like_44,2026-02-09 19:41:37
1044,511,44,like,wp_1044_511_like_44,2026-02-09 19:41:42
1045,507,44,like,wp_1045_507_like_44,2026-02-09 19:41:44
1046,510,44,like,wp_1046_510_like_44,2026-02-09 19:56:20
1047,523,68,like,wp_1047_523_like_68,2026-02-09 21:22:36
1048,522,68,like,wp_1048_522_like_68,2026-02-09 21:23:18
1049,521,68,like,wp_1049_521_like_68,2026-02-09 21:23:26
1050,520,68,like,wp_1050_520_like_68,2026-02-09 21:23:28
1051,519,68,like,wp_1051_519_like_68,2026-02-09 21:23:29
1052,471,35,like,wp_1052_471_like_35,2026-02-10 03:42:04
1053,510,218,like,wp_1053_510_like_218,2026-02-13 16:25:57
1055,462,218,like,wp_1055_462_like_218,2026-02-13 16:50:35
1057,536,68,like,wp_1057_536_like_68,2026-02-13 19:12:02
1058,535,68,like,wp_1058_535_like_68,2026-02-13 19:13:27
1059,534,68,like,wp_1059_534_like_68,2026-02-13 19:13:28
1060,533,68,like,wp_1060_533_like_68,2026-02-13 19:13:31
1061,532,68,like,wp_1061_532_like_68,2026-02-13 19:13:33
1062,531,68,like,wp_1062_531_like_68,2026-02-13 19:13:34
1063,530,68,like,wp_1063_530_like_68,2026-02-13 19:13:35
1064,529,68,like,wp_1064_529_like_68,2026-02-13 19:13:37
1065,528,68,like,wp_1065_528_like_68,2026-02-13 19:13:40
1066,536,220,like,wp_1066_536_like_220,2026-02-13 19:42:10
1067,465,220,like,wp_1067_465_like_220,2026-02-13 19:47:02
1068,401,220,like,wp_1068_401_like_220,2026-02-13 19:59:54
1072,539,111,like,wp_1072_539_like_111,2026-02-14 15:56:41
1073,538,111,like,wp_1073_538_like_111,2026-02-14 17:40:24
1074,537,111,like,wp_1074_537_like_111,2026-02-14 17:43:01
1075,536,111,like,wp_1075_536_like_111,2026-02-14 17:49:02
1076,535,111,like,wp_1076_535_like_111,2026-02-14 18:03:00
1077,539,227,like,wp_1077_539_like_227,2026-02-15 10:33:40
1078,538,227,like,wp_1078_538_like_227,2026-02-15 10:54:51
1079,537,227,like,wp_1079_537_like_227,2026-02-15 10:55:16
1080,542,111,like,wp_1080_542_like_111,2026-02-15 19:43:38
1081,541,111,like,wp_1081_541_like_111,2026-02-15 19:56:07
1082,540,111,like,wp_1082_540_like_111,2026-02-15 19:56:16
1086,543,68,like,wp_1086_543_like_68,2026-02-16 15:27:42
1091,542,68,like,wp_1091_542_like_68,2026-02-16 16:46:20
1092,541,68,like,wp_1092_541_like_68,2026-02-16 16:46:24
1093,540,68,like,wp_1093_540_like_68,2026-02-16 16:46:25
1094,539,68,like,wp_1094_539_like_68,2026-02-16 16:46:31
1095,538,68,like,wp_1095_538_like_68,2026-02-16 16:46:33
1096,537,68,like,wp_1096_537_like_68,2026-02-16 16:46:35
1098,537,38,like,wp_1098_537_like_38,2026-02-16 20:13:01
1099,533,38,like,wp_1099_533_like_38,2026-02-16 20:13:02
1100,510,38,like,wp_1100_510_like_38,2026-02-16 20:13:04
1101,506,38,like,wp_1101_506_like_38,2026-02-16 20:13:08
1102,505,38,like,wp_1102_505_like_38,2026-02-16 20:13:11
1103,537,223,like,wp_1103_537_like_223,2026-02-16 20:27:39
1104,522,223,like,wp_1104_522_like_223,2026-02-16 20:31:02
1105,545,66,like,wp_1105_545_like_66,2026-02-16 22:40:36
1106,544,66,like,wp_1106_544_like_66,2026-02-16 22:40:40
1107,543,66,like,wp_1107_543_like_66,2026-02-16 22:40:41
1108,542,66,like,wp_1108_542_like_66,2026-02-16 22:40:43
1109,541,66,like,wp_1109_541_like_66,2026-02-16 22:40:44
1110,540,66,like,wp_1110_540_like_66,2026-02-16 22:40:46
1111,546,68,like,wp_1111_546_like_68,2026-02-16 23:27:20
1112,546,111,like,wp_1112_546_like_111,2026-02-16 23:28:04
1113,545,111,like,wp_1113_545_like_111,2026-02-16 23:28:06
1114,549,111,like,wp_1114_549_like_111,2026-02-17 01:00:32
1115,550,111,like,wp_1115_550_like_111,2026-02-17 01:00:44
1116,551,111,like,wp_1116_551_like_111,2026-02-17 01:00:45
1118,547,223,like,wp_1118_547_like_223,2026-02-17 11:22:33
1121,545,68,like,wp_1121_545_like_68,2026-02-17 12:18:27
1122,552,68,like,wp_1122_552_like_68,2026-02-17 12:19:34
1123,551,68,like,wp_1123_551_like_68,2026-02-17 12:19:37
1124,550,68,like,wp_1124_550_like_68,2026-02-17 12:19:38
1125,549,68,like,wp_1125_549_like_68,2026-02-17 15:23:06
1126,552,111,like,wp_1126_552_like_111,2026-02-17 15:23:41
1127,548,111,like,wp_1127_548_like_111,2026-02-17 15:23:46
1128,553,111,like,wp_1128_553_like_111,2026-02-17 16:31:23
1129,553,68,like,wp_1129_553_like_68,2026-02-17 16:32:56
1130,548,68,like,wp_1130_548_like_68,2026-02-17 16:33:26
1132,554,68,like,wp_1132_554_like_68,2026-02-17 22:48:20
1133,554,111,like,wp_1133_554_like_111,2026-02-17 22:58:02
1134,552,220,like,wp_1134_552_like_220,2026-02-19 12:42:01
1135,555,220,like,wp_1135_555_like_220,2026-02-19 12:42:18
1136,547,220,like,wp_1136_547_like_220,2026-02-19 12:42:36
1137,554,220,like,wp_1137_554_like_220,2026-02-19 12:43:02
1138,553,220,like,wp_1138_553_like_220,2026-02-19 12:45:04
1140,555,240,like,wp_1140_555_like_240,2026-02-19 16:00:46
1141,554,240,like,wp_1141_554_like_240,2026-02-19 16:00:50
1142,553,240,like,wp_1142_553_like_240,2026-02-19 16:24:38
1143,552,240,like,wp_1143_552_like_240,2026-02-19 16:24:41
1144,551,240,like,wp_1144_551_like_240,2026-02-19 16:24:48
1145,550,240,like,wp_1145_550_like_240,2026-02-19 16:24:57
1146,549,240,like,wp_1146_549_like_240,2026-02-19 16:25:01
1147,548,240,like,wp_1147_548_like_240,2026-02-19 16:25:07
1148,547,240,like,wp_1148_547_like_240,2026-02-19 16:25:11
1149,546,240,like,wp_1149_546_like_240,2026-02-19 16:27:01
1150,545,240,like,wp_1150_545_like_240,2026-02-19 16:27:49
1151,544,240,like,wp_1151_544_like_240,2026-02-19 16:27:53
1152,543,240,like,wp_1152_543_like_240,2026-02-19 16:27:58
1153,542,240,like,wp_1153_542_like_240,2026-02-19 16:28:02
1154,556,111,like,wp_1154_556_like_111,2026-02-19 18:10:32
1155,556,68,like,wp_1155_556_like_68,2026-02-19 23:49:49
1156,557,68,like,wp_1156_557_like_68,2026-02-19 23:49:50
1157,557,111,like,wp_1157_557_like_111,2026-02-20 00:06:21
1158,558,111,like,wp_1158_558_like_111,2026-02-20 18:10:58
1159,559,111,like,wp_1159_559_like_111,2026-02-20 18:11:06
1160,560,111,like,wp_1160_560_like_111,2026-02-20 18:11:13
1161,561,111,like,wp_1161_561_like_111,2026-02-20 18:11:16
1162,562,111,like,wp_1162_562_like_111,2026-02-20 18:11:18
1163,566,111,like,wp_1163_566_like_111,2026-02-21 04:29:54
1164,565,111,like,wp_1164_565_like_111,2026-02-21 04:29:55
1165,564,111,like,wp_1165_564_like_111,2026-02-21 04:29:57
1166,571,111,like,wp_1166_571_like_111,2026-02-22 03:06:01
1167,570,111,like,wp_1167_570_like_111,2026-02-22 03:28:19
1168,569,111,like,wp_1168_569_like_111,2026-02-22 03:30:09
1169,568,111,like,wp_1169_568_like_111,2026-02-22 03:35:15
1170,571,241,like,wp_1170_571_like_241,2026-02-22 21:49:41
1171,549,246,like,wp_1171_549_like_246,2026-02-23 12:24:47
1172,480,246,like,wp_1172_480_like_246,2026-02-23 12:25:40
1173,560,246,like,wp_1173_560_like_246,2026-02-23 12:47:23
1174,521,246,like,wp_1174_521_like_246,2026-02-23 12:48:46
1175,512,246,like,wp_1175_512_like_246,2026-02-23 12:50:53
1176,574,111,like,wp_1176_574_like_111,2026-02-23 14:27:00
1177,573,111,like,wp_1177_573_like_111,2026-02-23 14:29:27
1178,572,111,like,wp_1178_572_like_111,2026-02-23 14:29:30
1179,575,111,like,wp_1179_575_like_111,2026-02-23 14:29:33
1180,566,66,like,wp_1180_566_like_66,2026-02-24 05:52:14
1181,574,66,like,wp_1181_574_like_66,2026-02-24 05:52:17
1182,578,68,like,wp_1182_578_like_68,2026-02-24 13:43:44
1183,579,68,like,wp_1183_579_like_68,2026-02-24 13:43:46
1184,580,68,like,wp_1184_580_like_68,2026-02-24 13:43:47
1185,581,68,like,wp_1185_581_like_68,2026-02-24 13:43:47
1186,582,68,like,wp_1186_582_like_68,2026-02-24 13:43:49
1187,577,68,like,wp_1187_577_like_68,2026-02-24 13:43:55
1188,576,68,like,wp_1188_576_like_68,2026-02-24 13:43:56
1189,584,220,like,wp_1189_584_like_220,2026-02-25 09:48:32
1190,582,220,like,wp_1190_582_like_220,2026-02-25 09:49:08
1191,573,220,like,wp_1191_573_like_220,2026-02-25 09:49:17
1192,571,220,like,wp_1192_571_like_220,2026-02-25 09:49:37
1193,556,220,like,wp_1193_556_like_220,2026-02-25 09:51:16
1194,534,220,like,wp_1194_534_like_220,2026-02-25 09:52:04
1195,529,220,like,wp_1195_529_like_220,2026-02-25 09:52:21
1198,587,68,like,wp_1198_587_like_68,2026-02-26 13:06:16
1199,586,68,like,wp_1199_586_like_68,2026-02-26 13:06:16
1200,585,68,like,wp_1200_585_like_68,2026-02-26 13:06:17
1201,510,251,like,wp_1201_510_like_251,2026-02-26 19:05:42
1203,588,111,like,wp_1203_588_like_111,2026-02-28 16:44:17
1204,252,251,like,wp_1204_252_like_251,2026-03-01 17:01:53
1205,588,38,like,wp_1205_588_like_38,2026-03-02 19:08:08
1206,590,38,like,wp_1206_590_like_38,2026-03-02 19:08:10
1207,589,38,like,wp_1207_589_like_38,2026-03-02 19:08:11
1208,584,38,like,wp_1208_584_like_38,2026-03-02 19:08:17
1209,573,38,like,wp_1209_573_like_38,2026-03-02 19:08:19
1210,571,38,like,wp_1210_571_like_38,2026-03-02 19:08:20
1211,554,38,like,wp_1211_554_like_38,2026-03-02 19:08:23
1212,584,254,like,wp_1212_584_like_254,2026-03-02 19:38:58
1213,588,254,like,wp_1213_588_like_254,2026-03-02 19:39:55
1214,583,254,like,wp_1214_583_like_254,2026-03-02 19:40:10
1216,574,260,bookmark,wp_1216_574_bookmark_260,2026-03-02 20:39:07
1217,573,260,bookmark,wp_1217_573_bookmark_260,2026-03-02 20:39:10
1218,266,256,like,wp_1218_266_like_256,2026-03-02 20:39:30
1219,590,260,bookmark,wp_1219_590_bookmark_260,2026-03-02 20:42:56
1220,589,260,bookmark,wp_1220_589_bookmark_260,2026-03-02 20:42:59
1221,230,256,like,wp_1221_230_like_256,2026-03-02 20:43:00
1222,588,260,bookmark,wp_1222_588_bookmark_260,2026-03-02 20:43:01
1223,587,260,bookmark,wp_1223_587_bookmark_260,2026-03-02 20:43:03
1224,169,256,like,wp_1224_169_like_256,2026-03-02 20:45:48
1225,589,261,bookmark,wp_1225_589_bookmark_261,2026-03-02 20:47:06
1226,586,261,bookmark,wp_1226_586_bookmark_261,2026-03-02 20:47:10
1227,584,261,bookmark,wp_1227_584_bookmark_261,2026-03-02 20:47:13
1228,583,261,bookmark,wp_1228_583_bookmark_261,2026-03-02 20:47:15
1239,585,263,bookmark,wp_1239_585_bookmark_263,2026-03-02 20:58:21
1241,596,111,like,wp_1241_596_like_111,2026-03-02 23:24:56
1242,584,265,like,wp_1242_584_like_265,2026-03-02 23:25:22
1243,595,111,like,wp_1243_595_like_111,2026-03-02 23:26:57
1244,594,111,like,wp_1244_594_like_111,2026-03-02 23:26:58
1246,571,265,like,wp_1246_571_like_265,2026-03-02 23:31:20
1247,573,265,like,wp_1247_573_like_265,2026-03-02 23:31:27
1248,557,265,like,wp_1248_557_like_265,2026-03-02 23:31:32
1249,506,265,like,wp_1249_506_like_265,2026-03-02 23:31:38
1250,505,265,like,wp_1250_505_like_265,2026-03-02 23:31:41
1252,593,111,like,wp_1252_593_like_111,2026-03-02 23:35:42
1253,589,111,like,wp_1253_589_like_111,2026-03-02 23:38:38
1254,592,111,like,wp_1254_592_like_111,2026-03-02 23:38:47
1255,590,111,like,wp_1255_590_like_111,2026-03-02 23:38:56
1256,587,111,like,wp_1256_587_like_111,2026-03-02 23:39:02
1257,586,111,like,wp_1257_586_like_111,2026-03-02 23:39:04
1258,585,111,like,wp_1258_585_like_111,2026-03-02 23:39:09
1259,577,111,like,wp_1259_577_like_111,2026-03-02 23:39:27
1260,578,111,like,wp_1260_578_like_111,2026-03-02 23:39:27
1261,579,111,like,wp_1261_579_like_111,2026-03-02 23:39:28
1262,580,111,like,wp_1262_580_like_111,2026-03-02 23:39:29
1263,581,111,like,wp_1263_581_like_111,2026-03-02 23:39:29
1264,582,111,like,wp_1264_582_like_111,2026-03-02 23:39:30
1265,583,111,like,wp_1265_583_like_111,2026-03-02 23:39:31
1267,556,265,like,wp_1267_556_like_265,2026-03-02 23:43:59
1268,596,265,like,wp_1268_596_like_265,2026-03-02 23:53:16
1269,598,111,like,wp_1269_598_like_111,2026-03-03 00:28:40
1270,598,68,like,wp_1270_598_like_68,2026-03-03 00:35:36
1271,600,111,like,wp_1271_600_like_111,2026-03-03 00:37:13
1272,599,111,like,wp_1272_599_like_111,2026-03-03 00:37:14
1274,587,35,like,wp_1274_587_like_35,2026-03-03 01:00:45
1275,600,68,like,wp_1275_600_like_68,2026-03-03 04:25:50
1276,554,265,like,wp_1276_554_like_265,2026-03-03 16:47:30
1277,598,266,like,wp_1277_598_like_266,2026-03-03 21:13:05
1278,571,266,like,wp_1278_571_like_266,2026-03-03 21:13:11
1279,557,266,like,wp_1279_557_like_266,2026-03-03 21:13:15
1280,602,44,like,wp_1280_602_like_44,2026-03-03 22:05:11
1281,599,44,like,wp_1281_599_like_44,2026-03-03 22:16:11
1284,598,254,like,wp_1284_598_like_254,2026-03-04 15:07:32
1285,596,254,like,wp_1285_596_like_254,2026-03-04 15:07:55
1286,605,254,like,wp_1286_605_like_254,2026-03-04 15:08:50
1287,27,254,like,wp_1287_27_like_254,2026-03-04 16:54:52
1288,612,44,like,wp_1288_612_like_44,2026-03-04 23:10:29
1289,611,44,like,wp_1289_611_like_44,2026-03-04 23:10:31
1290,612,68,like,wp_1290_612_like_68,2026-03-05 03:15:58
1292,623,111,like,wp_1292_623_like_111,2026-03-06 20:52:56
1293,622,111,like,wp_1293_622_like_111,2026-03-06 20:52:57
1294,621,111,like,wp_1294_621_like_111,2026-03-06 20:52:57
1295,620,111,like,wp_1295_620_like_111,2026-03-06 20:52:58
1296,619,111,like,wp_1296_619_like_111,2026-03-06 20:53:01
1297,618,111,like,wp_1297_618_like_111,2026-03-06 20:53:01
1298,617,111,like,wp_1298_617_like_111,2026-03-06 20:53:02
1299,616,111,like,wp_1299_616_like_111,2026-03-06 20:53:04
1300,615,111,like,wp_1300_615_like_111,2026-03-06 20:53:04
1301,614,111,like,wp_1301_614_like_111,2026-03-06 20:53:13
1302,612,111,like,wp_1302_612_like_111,2026-03-06 20:53:20
1303,611,111,like,wp_1303_611_like_111,2026-03-06 20:53:21
1304,610,111,like,wp_1304_610_like_111,2026-03-06 20:53:21
1305,607,111,like,wp_1305_607_like_111,2026-03-06 20:53:23
1306,606,111,like,wp_1306_606_like_111,2026-03-06 20:53:24
1307,605,111,like,wp_1307_605_like_111,2026-03-06 20:53:25
1308,604,111,like,wp_1308_604_like_111,2026-03-06 20:53:27
1309,603,111,like,wp_1309_603_like_111,2026-03-06 20:53:37
1310,602,111,like,wp_1310_602_like_111,2026-03-06 20:53:39
1311,601,111,like,wp_1311_601_like_111,2026-03-06 20:53:40
1312,629,111,like,wp_1312_629_like_111,2026-03-08 20:57:21
1313,630,111,like,wp_1313_630_like_111,2026-03-08 20:57:22
1314,631,111,like,wp_1314_631_like_111,2026-03-13 04:13:31
1315,632,68,like,wp_1315_632_like_68,2026-03-13 17:15:11
1316,633,68,like,wp_1316_633_like_68,2026-03-13 17:15:11
1317,634,68,like,wp_1317_634_like_68,2026-03-13 17:15:12
1318,635,68,like,wp_1318_635_like_68,2026-03-13 17:15:12
1319,631,68,like,wp_1319_631_like_68,2026-03-13 17:15:14
1320,630,68,like,wp_1320_630_like_68,2026-03-13 17:15:15
1321,629,68,like,wp_1321_629_like_68,2026-03-13 17:15:15
1322,623,68,like,wp_1322_623_like_68,2026-03-13 17:15:16
1323,622,68,like,wp_1323_622_like_68,2026-03-13 17:15:17
1324,621,68,like,wp_1324_621_like_68,2026-03-13 17:15:19
1325,636,267,like,wp_1325_636_like_267,2026-03-22 23:10:46
1326,631,66,like,wp_1326_631_like_66,2026-03-23 13:39:20
1327,602,66,like,wp_1327_602_like_66,2026-03-23 13:39:22
1328,598,66,like,wp_1328_598_like_66,2026-03-23 13:39:24
1329,636,68,like,wp_1329_636_like_68,2026-03-26 21:39:46
1330,652,111,like,wp_1330_652_like_111,2026-03-26 21:41:58
1331,651,111,like,wp_1331_651_like_111,2026-03-26 21:41:59
1332,650,111,like,wp_1332_650_like_111,2026-03-26 21:41:59
1333,649,111,like,wp_1333_649_like_111,2026-03-26 21:42:00
1334,648,111,like,wp_1334_648_like_111,2026-03-26 21:42:02
1335,647,111,like,wp_1335_647_like_111,2026-03-26 21:42:03
1336,646,111,like,wp_1336_646_like_111,2026-03-26 21:42:03
1337,645,111,like,wp_1337_645_like_111,2026-03-26 21:42:05
1338,644,111,like,wp_1338_644_like_111,2026-03-26 21:42:07
1339,643,111,like,wp_1339_643_like_111,2026-03-26 21:42:07
1340,642,111,like,wp_1340_642_like_111,2026-03-26 21:42:19
1341,641,111,like,wp_1341_641_like_111,2026-03-26 21:42:19
1342,640,111,like,wp_1342_640_like_111,2026-03-26 21:42:20
1343,639,111,like,wp_1343_639_like_111,2026-03-26 21:42:22
1344,638,111,like,wp_1344_638_like_111,2026-03-26 21:42:23
1345,637,111,like,wp_1345_637_like_111,2026-03-26 21:42:23
1346,636,111,like,wp_1346_636_like_111,2026-03-26 21:42:24
1347,635,111,like,wp_1347_635_like_111,2026-03-26 21:42:26
1348,634,111,like,wp_1348_634_like_111,2026-03-26 21:42:26
1349,633,111,like,wp_1349_633_like_111,2026-03-26 21:42:27
1350,632,111,like,wp_1350_632_like_111,2026-03-26 22:07:48
1351,654,111,like,wp_1351_654_like_111,2026-03-27 19:47:08
1352,655,111,like,wp_1352_655_like_111,2026-03-27 19:47:11
1353,656,111,like,wp_1353_656_like_111,2026-04-06 15:27:19
1354,657,111,like,wp_1354_657_like_111,2026-04-06 15:27:20
1355,658,111,like,wp_1355_658_like_111,2026-04-06 15:27:21
1356,659,111,like,wp_1356_659_like_111,2026-04-06 15:27:22
1357,660,111,like,wp_1357_660_like_111,2026-04-06 15:27:22
1358,661,111,like,wp_1358_661_like_111,2026-04-06 15:27:24
1359,662,111,like,wp_1359_662_like_111,2026-04-06 15:27:24
1360,667,111,like,wp_1360_667_like_111,2026-04-11 20:17:16
1361,666,111,like,wp_1361_666_like_111,2026-04-11 20:17:17
1362,665,111,like,wp_1362_665_like_111,2026-04-11 20:17:19
1363,664,111,like,wp_1363_664_like_111,2026-04-11 20:17:29
1364,663,111,like,wp_1364_663_like_111,2026-04-11 20:17:30
1365,653,111,like,wp_1365_653_like_111,2026-04-11 20:17:34
1366,667,68,like,wp_1366_667_like_68,2026-04-11 20:20:39
1367,666,68,like,wp_1367_666_like_68,2026-04-11 20:20:40
1368,665,68,like,wp_1368_665_like_68,2026-04-11 20:20:41
1369,664,68,like,wp_1369_664_like_68,2026-04-11 20:20:47
1370,663,68,like,wp_1370_663_like_68,2026-04-11 20:20:48
1371,662,68,like,wp_1371_662_like_68,2026-04-11 20:20:49
1372,661,68,like,wp_1372_661_like_68,2026-04-11 20:20:50
1373,660,68,like,wp_1373_660_like_68,2026-04-11 20:20:51
1374,659,68,like,wp_1374_659_like_68,2026-04-11 20:20:52
1375,658,68,like,wp_1375_658_like_68,2026-04-11 20:20:54
1376,657,68,like,wp_1376_657_like_68,2026-04-11 20:20:54
1377,656,68,like,wp_1377_656_like_68,2026-04-11 20:21:04
1378,655,68,like,wp_1378_655_like_68,2026-04-11 20:21:06
1379,654,68,like,wp_1379_654_like_68,2026-04-11 20:21:07
1380,653,68,like,wp_1380_653_like_68,2026-04-11 20:21:08
1381,652,68,like,wp_1381_652_like_68,2026-04-11 20:21:11
1382,651,68,like,wp_1382_651_like_68,2026-04-11 20:21:13
1383,650,68,like,wp_1383_650_like_68,2026-04-11 20:21:15
1384,649,68,like,wp_1384_649_like_68,2026-04-11 20:21:15
1385,648,68,like,wp_1385_648_like_68,2026-04-11 20:21:17
1386,647,68,like,wp_1386_647_like_68,2026-04-11 20:21:18
1387,646,68,like,wp_1387_646_like_68,2026-04-11 20:21:18
1388,645,68,like,wp_1388_645_like_68,2026-04-11 20:21:19
1389,638,68,like,wp_1389_638_like_68,2026-04-11 20:21:21
1390,639,68,like,wp_1390_639_like_68,2026-04-11 20:21:22
1391,640,68,like,wp_1391_640_like_68,2026-04-11 20:21:23
1392,641,68,like,wp_1392_641_like_68,2026-04-11 20:21:23
1393,642,68,like,wp_1393_642_like_68,2026-04-11 20:21:24
1394,643,68,like,wp_1394_643_like_68,2026-04-11 20:21:24
1395,644,68,like,wp_1395_644_like_68,2026-04-11 20:21:25
1396,637,68,like,wp_1396_637_like_68,2026-04-11 20:21:28
