title,type,cover_filename,pdf_filename,audio_filename,price,currency,language,category,author,description,is_active,is_featured
Building Bridges Trust and Emotional Bonds with Your Children,ebook,Building Bridges Trust and Emotional Bonds with Your Children.jpg,Building Bridges Trust and Emotional Bonds with Your Children.pdf,,0.00,USD,English,,,,1,0
Building SelfEsteem The Key to Overcoming Jealousy,ebook,Building SelfEsteem The Key to Overcoming Jealousy.jpg,Building SelfEsteem The Key to Overcoming Jealousy.pdf,,0.00,USD,English,,,,1,0
Calming the Storm Effective Strategies for Managing Anger in Children,ebook,Calming the Storm Effective Strategies for Managing Anger in Children.jpg,Calming the Storm Effective Strategies for Managing Anger in Children.pdf,,0.00,USD,English,,,,1,0
Coping Behind the Walls Strategies for Isolation and Anxiety,ebook,Coping Behind the Walls_ Strategies for Isolation and Anxiety.jpg,Coping Behind the Walls Strategies for Isolation and Anxiety.pdf,,0.00,USD,English,,,,1,0
Coping with Conflict Effective Techniques for Family and Workplace Harmony,ebook,Coping with Conflict Effective Techniques for Family and Workplace Harmony.jpg,Coping with Conflict_ Effective Techniques for Family and Workplace Harmony.pdf,,0.00,USD,English,,,,1,0
Financial Lifelines Resources for Parents Facing Child Support NonPayment,ebook,Financial Lifelines Resources for Parents Facing Child Support NonPayment.jpg,Financial Lifelines Resources for Parents Facing Child Support NonPayment.pdf,,0.00,USD,English,,,,1,0
Finding Calm Coping Strategies for Children with Generalized Anxiety Disorder,ebook,Finding Calm Coping Strategies for Children with Generalized Anxiety Disorder.jpg,Finding Calm Coping Strategies for Children with Generalized Anxiety Disorder.pdf,,0.00,USD,English,,,,1,0
Finding Hope Effective Strategies for Locating Missing Children,ebook,Finding Hope Effective Strategies for Locating Missing Children.jpg,Finding Hope Effective Strategies for Locating Missing Children.pdf,,0.00,USD,English,,,,1,0
Hateful Thoughts Unraveling Their Impact on Mental Health,ebook,Hateful Thoughts Unraveling Their Impact on Mental Health.jpg,Hateful Thoughts Unraveling Their Impact on Mental Health.pdf,,0.00,USD,English,,,,1,0
Healing Bonds Navigating Reactive Attachment Disorder in Families,ebook,Healing Bonds Navigating Reactive Attachment Disorder in Families.jpg,Healing Bonds Navigating Reactive Attachment Disorder in Families (2).pdf,,0.00,USD,English,,,,1,0
Healing the Wounds Within Understanding and Addressing Self-Mutilation,ebook,Healing the Wounds Within_ Understanding and Addressing Self-Mutilation.jpg,Healing the Wounds Within Understanding and Addressing Self-Mutilation.pdf,,0.00,USD,English,,,,1,0
Hearing Loss in the Golden Years Understanding Causes and Complications,ebook,Hearing Loss in the Golden Years_ Understanding Causes and Complications_.jpg,Hearing Loss in the Golden Years Understanding Causes and Complications.pdf,,0.00,USD,English,,,,1,0
In the Shadows of Loss A Guide for Parents of Murdered Children,ebook,In the Shadows of Loss A Guide for Parents of Murdered Children.jpg,In the Shadows of Loss A Guide for Parents of Murdered Children.pdf,,0.00,USD,English,,,,1,0
Inheritance Turmoil Navigating Psychopathic Outbursts with Resilience,ebook,Inheritance Turmoil Navigating Psychopathic Outbursts with Resilience.jpg,Inheritance Turmoil Navigating Psychopathic Outbursts with Resilience.pdf,,0.00,USD,English,,,,1,0
Mental Wellness Resources for Parents of Autistic Children,ebook,Mental Wellness Resources for Parents of Autistic Children_.jpg,Mental Wellness Resources for Parents of Autistic Children.pdf,,0.00,USD,English,,,,1,0
Navigating Change The Effects of Parental Divorce on Childhood Development,ebook,Navigating Change The Effects of Parental Divorce on Childhood Development_.jpg,Navigating Change The Effects of Parental Divorce on Childhood Development.pdf,,0.00,USD,English,,,,1,0
Navigating Custody Battles A Parent's Guide to Protecting Your Family's Wellbeing,ebook,Navigating Custody Battles_ A Parent_s Guide to Protecting Your Family_s Wellbeing_.jpg,Navigating Custody Battles A Parent_s Guide to Protecting Your Family_s Wellbeing.pdf,,0.00,USD,English,,,,1,0
Navigating Recovery A Parents Guide to Eating Disorders in Children,ebook,Navigating Recovery A Parents Guide to Eating Disorders in Children.jpg,Navigating Recovery A Parents Guide to Eating Disorders in Children.pdf,,0.00,USD,English,,,,1,0
Navigating the Storm A Family Guide to Disruptive Mood Dysregulation Disorder,ebook,Navigating the Storm A Family Guide to Disruptive Mood Dysregulation Disorder.jpg,Navigating the Storm A Family Guide to Disruptive Mood Dysregulation Disorder.pdf,,0.00,USD,English,,,,1,0
Navigating Xylazine Addiction A Comprehensive Guide for Individuals and Families,ebook,Navigating Xylazine Addiction_ A Comprehensive Guide for Individuals and Families.jpg,Navigating Xylazine Addiction A Comprehensive Guide for Individuals and Families.pdf,,0.00,USD,English,,,,1,0
Raising Resilient Kids A Parents Guide to Preventing Substance Use,ebook,Raising Resilient Kids A Parents Guide to Preventing Substance Use.jpg,Raising Resilient Kids A Parents Guide to Preventing Substance Use.pdf,,0.00,USD,English,,,,1,0
Raising Resilient Kids Strategies for Effective Parenting,ebook,Raising Resilient Kids Strategies for Effective Parenting.jpg,Raising Resilient Kids Strategies for Effective Parenting.pdf,,0.00,USD,English,,,,1,0
Recognizing the Red Flags Early Signs of Substance Abuse in Children,ebook,Recognizing the Red Flags Early Signs of Substance Abuse in Children.jpg,Recognizing the Red Flags Early Signs of Substance Abuse in Children.pdf,,0.00,USD,English,,,,1,0
Shadows of Absence The Impact of Fatherlessness on Childhood Development,ebook,Shadows of Absence The Impact of Fatherlessness on Childhood Development.jpg,Shadows of Absence The Impact of Fatherlessness on Childhood Development.pdf,,0.00,USD,English,,,,1,0
Shadows of the Street Understanding Drug Trafficking and Its Impact on American Communities,ebook,Shadows of the Street_ Understanding Drug Trafficking and Its Impact on American Communities.jpg,Shadows of the Street Understanding Drug Trafficking and Its Impact on American Communities.pdf,,0.00,USD,English,,,,1,0
Staying Steady A Comprehensive Guide to Fall Prevention in the Elderly,ebook,Staying Steady_ A Comprehensive Guide to Fall Prevention in the Elderly.jpg,Staying Steady A Comprehensive Guide to Fall Prevention in the Elderly.pdf,,0.00,USD,English,,,,1,0
The Gut-Brain Connection How Constipation Affects Mental Health,ebook,The Gut-Brain Connection_ How Constipation Affects Mental Health.jpg,The Gut-Brain Connection How Constipation Affects Mental Health.pdf,,0.00,USD,English,,,,1,0
The Pressure to Conform Peer Influence on Drug Use and Criminal Activity,ebook,The Pressure to Conform Peer Influence on Drug Use and Criminal Activity.jpg,The Pressure to Conform Peer Influence on Drug Use and Criminal Activity.pdf,,0.00,USD,English,,,,1,0
The Silent Struggle Maternal Deprivation and Its Impact on Childhood Development,ebook,The Silent Struggle Maternal Deprivation and Its Impact on Childhood Development.jpg,The Silent Struggle Maternal Deprivation and Its Impact on Childhood Development.pdf,,0.00,USD,English,,,,1,0
